company_id,company_name,ald_sector,ald_business_unit,activity_unit,ald_location,Equity Ownership 2022,Equity Ownership 2023,Equity Ownership 2024,Equity Ownership 2025,Equity Ownership 2026
4,company-4,Power,GasCap,MWh,R2,2371656149,19889768945,3285246530,5416281540,NA
4,company-4,Power,GasCap,MWh,CI,5682412686,11444488744,3055067920,NA,3543392929
9,company-9,Power,NuclearCap,MW,R2,NA,NA,NA,3724120404,NA
9,company-9,Power,NuclearCap,MW,TL,6286621123,5873761415,NA,13631080380,13310545174
9,company-9,Power,NuclearCap,MW,LY,493892156,12540310964,NA,31736568920,19055179531
9,company-9,Power,NuclearCap,MW,MG,NA,NA,22699518610,116573332,6784665820
10,company-10,Power,CoalCap,MWh,TL,7177100868,NA,1712121163,6389498363,15961517095
10,company-10,Power,CoalCap,MWh,LY,5994442993,NA,NA,5244454999,25204564926
11,company-11,Power,GasCap,MWh,MG,NA,NA,30758724155,5312305473,1639211926
11,company-11,Power,GasCap,MWh,BO,3213796862,NA,NA,NA,3721665576
11,company-11,Power,GasCap,MWh,R2,6057643552,NA,396549642,3466222112,3804929721
11,company-11,Power,GasCap,MWh,LY,NA,18192940985,6824557041,2441941711,9393009360
11,company-11,Power,GasCap,MWh,TL,2677919923,757322636,NA,8533471500,4588727567
12,company-12,Power,HydroCap,MW,LY,NA,8395981368,2778594565,NA,8763627814
15,company-15,Power,OilCap,MW,TL,6923956947,NA,NA,3903769305,NA
15,company-15,Power,OilCap,MW,LY,10623683168,12779570986,8967049384,276473528,4680927589
20,company-20,Power,RenewablesCap,MW,BO,1598065143,NA,NA,NA,NA
20,company-20,Power,RenewablesCap,MW,LY,NA,5929718717,883117509,1960108777,NA
20,company-20,Power,RenewablesCap,MW,TL,7671966422,15415934462,27924173657,10573789971,4080496233
23,company-23,Power,NuclearCap,MWh,CI,11225779624,1237217805,11112687850,1228703595,36183465585
23,company-23,Power,NuclearCap,MWh,R2,NA,34023762197,6277057672,8291971890,4592991336
26,company-26,Power,GasCap,MWh,R2,479502807,NA,NA,NA,5123444860
28,company-28,Power,NuclearCap,MWh,TL,3156593954,783849124,NA,10520205149,1125291080
30,company-30,Power,CoalCap,MWh,MG,NA,19880140485,NA,NA,NA
30,company-30,Power,CoalCap,MWh,TL,19877931311,40157755409,2643832824,NA,10579521876
30,company-30,Power,CoalCap,MWh,BO,26372943584,NA,NA,588959771,6579669019
36,company-36,Power,NuclearCap,MW,R2,1240337826,1099438124,NA,NA,1039719849
36,company-36,Power,NuclearCap,MW,CI,4549433741,7444680645,6077342192,19893497336,1756835743
37,company-37,Power,OilCap,MW,LY,5683898218,16891418725,NA,2417816109,19087018764
37,company-37,Power,OilCap,MW,BO,17723198322,2151552438,11928164441,5204209583,NA
37,company-37,Power,OilCap,MW,TL,173441204,406380989,10969728961,34819617449,NA
37,company-37,Power,OilCap,MW,R2,8711332802,NA,484490304,3418843814,33217971968
37,company-37,Power,OilCap,MW,CI,NA,767905035,4167596782,1774135025,9227024550
39,company-39,Coal,Coal,t coal,MG,103622737,NA,8689306071,37487840626,9504165586
43,company-43,Power,OilCap,MWh,R2,3863773888,44581731738,946518193,6273038624,6385154854
43,company-43,Power,OilCap,MWh,TL,NA,6577744442,NA,4386756177,3419396128
43,company-43,Power,OilCap,MWh,BO,15944521796,NA,1753435382,NA,23860755419
43,company-43,Power,OilCap,MWh,CI,NA,NA,NA,38266104296,5057447914
47,company-47,Power,RenewablesCap,MW,R2,NA,5333906714,15069212912,4053793231,NA
47,company-47,Power,RenewablesCap,MW,MG,10699411386,14989111395,947642019,NA,4347278715
47,company-47,Power,RenewablesCap,MW,TL,5045463662,13867364876,15976355782,1654044348,1957751280
54,company-54,Power,CoalCap,MW,CI,NA,17742156869,NA,NA,26231611604
54,company-54,Power,CoalCap,MW,R2,3417842673,NA,6215752760,NA,NA
54,company-54,Power,CoalCap,MW,BO,270883502,25370748060,39538112884,18162303310,12135796122
57,company-57,Power,HydroCap,MW,TL,1353062622,2501149305,5722027342,NA,1681663693
58,company-58,Power,RenewablesCap,MWh,CI,5966196525,13153706944,1827787600,NA,20342813317
60,company-60,Power,CoalCap,MW,MG,20354454244,12996710922,21442474979,9438496888,NA
62,company-62,Power,NuclearCap,MW,LY,NA,6123252159,NA,NA,NA
65,company-65,Coal,Coal,t coal,BO,1670440633,NA,NA,NA,NA
65,company-65,Coal,Coal,t coal,CI,NA,4488201913,NA,9403735129,9893379305
66,company-66,Power,NuclearCap,MW,MG,62929117823,15202989086,16214042814,NA,12771341361
66,company-66,Power,NuclearCap,MW,LY,NA,679294828,6566430599,9452519395,174881813
66,company-66,Power,NuclearCap,MW,BO,NA,31310648401,11998144775,1952876827,7434997471
66,company-66,Power,NuclearCap,MW,CI,NA,1987728122,12915822660,4093978856,24657134453
66,company-66,Power,NuclearCap,MW,TL,18932881383,18088970840,NA,18654474133,34031512950
68,company-68,Power,GasCap,MW,R2,NA,3526018678,11563549266,NA,6844027320
68,company-68,Power,GasCap,MW,LY,NA,4841601501,17978703770,2923510928,14710281578
68,company-68,Power,GasCap,MW,CI,6013390383,NA,2707693039,6327383923,5770907726
68,company-68,Power,GasCap,MW,TL,39213141774,5129537714,9268030740,3504169990,26264563686
68,company-68,Power,GasCap,MW,MG,16960376244,11680644211,4386001908,8244638475,9397915669
69,company-69,Power,CoalCap,MW,R2,37943673838,2876028017,6570432192,2888080095,3353318196
74,company-74,Power,RenewablesCap,MW,MG,8186340198,NA,NA,10653736955,13383392830
74,company-74,Power,RenewablesCap,MW,BO,NA,585256964,6739195234,250041367,5304856090
76,company-76,Power,GasCap,MW,TL,NA,54298074325,NA,NA,18229300113
76,company-76,Power,GasCap,MW,BO,12088696262,934206555,6004291267,NA,11949533264
76,company-76,Power,GasCap,MW,MG,NA,10356019620,34614315121,18429085482,NA
76,company-76,Power,GasCap,MW,LY,3944228425,34122239049,NA,26477891219,3561596634
80,company-80,Power,OilCap,MWh,LY,NA,NA,3143257663,18107403662,12177232296
80,company-80,Power,OilCap,MWh,TL,NA,18001090130,NA,4180383017,NA
80,company-80,Power,OilCap,MWh,MG,8497559393,5976197410,NA,25519348710,1371286086
80,company-80,Power,OilCap,MWh,BO,NA,NA,5837409586,1709712458,NA
81,company-81,Power,RenewablesCap,MW,BO,11724949756,13427064306,9776485055,8813694630,18638135216
81,company-81,Power,RenewablesCap,MW,MG,7216584876,8927554709,17573766681,NA,5404861424
89,company-89,Power,OilCap,MW,R2,NA,NA,192615396,11692392386,NA
89,company-89,Power,OilCap,MW,MG,11395018870,6983168384,8614142631,6579393035,NA
89,company-89,Power,OilCap,MW,TL,24256844061,1388377224,NA,12081859752,3672515106
89,company-89,Power,OilCap,MW,LY,273082582,41137484,1037697301,3723999901,NA
89,company-89,Power,OilCap,MW,BO,NA,2412785299,13056347477,38765457792,14922635664
93,company-93,Power,GasCap,MW,LY,2750440605,NA,7049000511,2263350454,10504389631
93,company-93,Power,GasCap,MW,TL,1534650834,NA,15550099834,28258257032,36552470483
93,company-93,Power,GasCap,MW,R2,NA,2952979858,NA,16846193232,41521512984
93,company-93,Power,GasCap,MW,MG,NA,1727010441,16175931043,NA,1933669480
93,company-93,Power,GasCap,MW,BO,NA,2404368477,NA,281394292,14069276001
94,company-94,Coal,Coal,t coal,BO,23370070164,3299511097,737655873,NA,630316911
94,company-94,Coal,Coal,t coal,MG,NA,11590962401,NA,11940775728,NA
94,company-94,Coal,Coal,t coal,CI,14166444987,NA,12356989924,NA,NA
95,company-95,Power,CoalCap,MW,LY,15902544278,NA,11305886888,19046319612,5435903236
96,company-96,Power,HydroCap,MW,TL,7919325020,3230477927,NA,4641163226,17697608265
96,company-96,Power,HydroCap,MW,R2,1798158055,NA,15985148362,6039227612,13653247762
100,company-100,Power,GasCap,MWh,TL,NA,1083480139,36900353579,17256789694,5758792549
100,company-100,Power,GasCap,MWh,LY,10310252991,NA,14907879160,3233396586,10135498525
100,company-100,Power,GasCap,MWh,CI,35774985,NA,6516221619,3005055,NA
100,company-100,Power,GasCap,MWh,R2,10745182489,NA,61201205,12267840189,12255337521
9,company-9,Power,NuclearCap,MWh,CI,27292881894,1915382300,15959219933,NA,2334671019
9,company-9,Power,NuclearCap,MWh,TL,11214845873,2967425219,2920908399,2168986418,11417346491
9,company-9,Power,NuclearCap,MWh,R2,3367128055,NA,2200450377,2664850780,NA
9,company-9,Power,NuclearCap,MWh,MG,NA,383194296,21920515892,6339174348,11808377047
12,company-12,Power,HydroCap,MWh,MG,7305371004,12508342227,22626881132,16626906125,4343638145
12,company-12,Power,HydroCap,MWh,R2,5488393222,NA,NA,422715818,2475538872
12,company-12,Power,HydroCap,MWh,LY,17926027922,NA,33104390025,5444725827,4759582379
15,company-15,Power,OilCap,MWh,BO,NA,18843130656,NA,NA,780814951
15,company-15,Power,OilCap,MWh,LY,1957859529,NA,NA,19023233418,1756734490
15,company-15,Power,OilCap,MWh,TL,8857672046,622656977,7786700686,NA,2170416988
15,company-15,Power,OilCap,MWh,MG,NA,NA,3365075347,NA,10084660645
15,company-15,Power,OilCap,MWh,CI,8588583951,2383288509,4817386949,NA,NA
20,company-20,Power,RenewablesCap,MWh,TL,651986094,38377861742,26731433103,4914597500,7911157571
20,company-20,Power,RenewablesCap,MWh,CI,10021381497,NA,6166713825,NA,5463478716
20,company-20,Power,RenewablesCap,MWh,BO,NA,5426071189,33470118625,12907144556,NA
36,company-36,Power,NuclearCap,MWh,MG,10269978528,27870931297,NA,NA,11690645765
36,company-36,Power,NuclearCap,MWh,LY,1619363363,NA,1774394235,14989837216,NA
36,company-36,Power,NuclearCap,MWh,CI,10054143953,13504482695,15856647206,NA,NA
36,company-36,Power,NuclearCap,MWh,BO,12650344701,8920640475,18199592653,18520347468,12293027029
36,company-36,Power,NuclearCap,MWh,R2,289576364,1729012203,1411188859,9496220665,NA
37,company-37,Power,OilCap,MWh,CI,3466486904,13109596014,693767300,10697803451,1648022932
37,company-37,Power,OilCap,MWh,LY,332558157,1582837350,4987771688,1768858638,3801167492
37,company-37,Power,OilCap,MWh,TL,872128997,1927526915,12416270335,12480701254,NA
37,company-37,Power,OilCap,MWh,R2,NA,7871051720,6458703976,1583968873,NA
37,company-37,Power,OilCap,MWh,MG,20483280320,55681436637,6443111229,NA,NA
47,company-47,Power,RenewablesCap,MWh,R2,5397805444,4007162204,3596744325,995682807,NA
54,company-54,Power,CoalCap,MWh,R2,12715352475,26842216746,10505004855,3150134917,5266124474
54,company-54,Power,CoalCap,MWh,TL,52117318432,NA,NA,NA,1107485472
54,company-54,Power,CoalCap,MWh,MG,10119890008,6077776155,NA,9317095701,8649741494
54,company-54,Power,CoalCap,MWh,LY,10015420661,130047897,20349300372,2191928641,2886549738
54,company-54,Power,CoalCap,MWh,BO,2260852903,14911701593,NA,1804223492,NA
57,company-57,Power,HydroCap,MWh,MG,6558090754,NA,1455144179,11620165783,37374853412
57,company-57,Power,HydroCap,MWh,BO,17272083084,8701576820,28399828025,1506345383,NA
57,company-57,Power,HydroCap,MWh,LY,4406630917,5450236922,15385668213,1972710763,12382602609
60,company-60,Power,CoalCap,MWh,CI,1410661024,1325879451,5474727395,NA,6599009557
60,company-60,Power,CoalCap,MWh,R2,NA,1028932345,NA,5035721837,6533920136
62,company-62,Power,NuclearCap,MWh,R2,19077906132,29172431751,NA,7451538170,25215052242
62,company-62,Power,NuclearCap,MWh,TL,18730190234,3863678764,NA,1811188619,NA
62,company-62,Power,NuclearCap,MWh,MG,NA,8031686688,9958571498,16300223796,NA
62,company-62,Power,NuclearCap,MWh,CI,3207694849,17506441249,3187014193,26355011501,9077380739
62,company-62,Power,NuclearCap,MWh,BO,NA,NA,357616890,15355670754,NA
66,company-66,Power,NuclearCap,MWh,BO,1478275477,12885140018,39283419617,1049551152,3957878387
68,company-68,Power,GasCap,MWh,TL,NA,NA,5745023208,NA,279181872
68,company-68,Power,GasCap,MWh,LY,29655924449,NA,7355310781,18278365155,13822025373
68,company-68,Power,GasCap,MWh,CI,26430702844,20065356934,12191886606,NA,NA
68,company-68,Power,GasCap,MWh,MG,9133524426,13328677836,NA,14556658213,931489031
69,company-69,Power,CoalCap,MWh,LY,36557117708,NA,13558340427,31202542553,NA
74,company-74,Power,RenewablesCap,MWh,TL,2747370924,NA,NA,2824367275,13647042386
74,company-74,Power,RenewablesCap,MWh,BO,NA,2936380056,14503354331,NA,1477507282
74,company-74,Power,RenewablesCap,MWh,R2,2731941987,546098319,6817142078,25609675275,1973351528
74,company-74,Power,RenewablesCap,MWh,LY,734674082,3838721440,25896267509,4664340747,NA
74,company-74,Power,RenewablesCap,MWh,CI,16402625253,11806353968,442375890,NA,NA
76,company-76,Power,GasCap,MWh,LY,4101443267,NA,21378444241,1327964858,NA
81,company-81,Power,RenewablesCap,MWh,MG,202958686,7980610699,NA,428554618,8406106162
89,company-89,Power,OilCap,MWh,TL,19249764547,16421965491,10636838798,19601505308,712042802
89,company-89,Power,OilCap,MWh,LY,NA,9738427542,6676687048,10975264839,6808880091
89,company-89,Power,OilCap,MWh,R2,1431900457,9444375459,37921743839,9218255646,7350233125
93,company-93,Power,GasCap,MWh,CI,5551296257,6291008918,326512857,10108205634,991827713
93,company-93,Power,GasCap,MWh,TL,11235498454,7094398298,611187502,NA,NA
93,company-93,Power,GasCap,MWh,MG,10712073630,1652154876,19145236073,2964142741,5945547632
93,company-93,Power,GasCap,MWh,R2,NA,14362719424,18034197843,13589684663,1140252248
95,company-95,Power,CoalCap,MWh,R2,NA,893005199,28509048855,NA,NA
95,company-95,Power,CoalCap,MWh,MG,1882493428,6532105770,NA,7427170416,11891876145
95,company-95,Power,CoalCap,MWh,BO,NA,2497640618,NA,2951886180,5715494780
95,company-95,Power,CoalCap,MWh,TL,13758258929,1342791243,16620793573,10760295278,NA
95,company-95,Power,CoalCap,MWh,CI,7491344322,13445344248,NA,7265916146,7159353833
96,company-96,Power,HydroCap,MWh,LY,6615208383,13144570808,17364208196,5468596183,7148999228
96,company-96,Power,HydroCap,MWh,R2,NA,3901659751,29202650251,870664566,4164186773
96,company-96,Power,HydroCap,MWh,CI,NA,2759427883,8230884936,11979341174,NA
96,company-96,Power,HydroCap,MWh,BO,3078689937,NA,NA,3591826701,7901661499
96,company-96,Power,HydroCap,MWh,MG,25489364991,2504348339,10693101413,NA,NA
4,company-4,Power,GasCap,MW,MG,5292360383,1736473796,8358004219,8888946193,26463657635
4,company-4,Power,GasCap,MW,CI,6309513168,1031002623,NA,17445287996,NA
4,company-4,Power,GasCap,MW,BO,NA,13461155404,13106765227,9932273066,3914645516
4,company-4,Power,GasCap,MW,R2,3642993923,2395955547,NA,23752102853,5578749956
10,company-10,Power,CoalCap,MW,R2,10196880211,NA,1975367657,NA,20253973592
11,company-11,Power,GasCap,MW,R2,10831150720,12510262021,3533358696,4784113357,7945004838
11,company-11,Power,GasCap,MW,MG,1579349250,2301463384,18023700324,13344129739,16612447274
11,company-11,Power,GasCap,MW,TL,NA,1564083686,9900996814,NA,1616037797
11,company-11,Power,GasCap,MW,CI,1425954279,NA,12098154922,17330983703,5061257892
23,company-23,Power,NuclearCap,MW,TL,NA,20229111111,7368951091,NA,NA
23,company-23,Power,NuclearCap,MW,MG,9341902114,13562750461,9230648788,NA,3576046889
23,company-23,Power,NuclearCap,MW,LY,8850665143,5834114725,2418029150,869242805,26624829349
23,company-23,Power,NuclearCap,MW,R2,NA,2514549360,4152550963,23529878863,NA
26,company-26,Power,GasCap,MW,CI,700811384,NA,NA,12727364540,NA
26,company-26,Power,GasCap,MW,MG,12347576924,7889484667,1590673208,NA,NA
26,company-26,Power,GasCap,MW,BO,5437085621,NA,12549795180,5680103885,8163460197
26,company-26,Power,GasCap,MW,R2,29740990407,990218256,NA,2440352899,NA
26,company-26,Power,GasCap,MW,LY,NA,NA,NA,NA,8884736415
28,company-28,Power,NuclearCap,MW,R2,6068747363,31268655802,30930652619,12539855806,3471330602
28,company-28,Power,NuclearCap,MW,BO,35038358796,1691820314,1588045294,4859539992,NA
28,company-28,Power,NuclearCap,MW,MG,1886502358,901612765,NA,11144729676,5871909788
28,company-28,Power,NuclearCap,MW,CI,NA,NA,NA,NA,18797728239
28,company-28,Power,NuclearCap,MW,LY,NA,NA,2695618918,NA,6461775829
30,company-30,Power,CoalCap,MW,BO,13357970154,5422773796,NA,12333330809,20721411552
30,company-30,Power,CoalCap,MW,LY,19336152126,13880964179,7796331031,7533887457,3172997230
30,company-30,Power,CoalCap,MW,CI,NA,NA,15706469234,10212977981,NA
43,company-43,Power,OilCap,MW,BO,1937015173,NA,NA,NA,7561514297
43,company-43,Power,OilCap,MW,LY,3461057539,12721760447,NA,NA,6960247912
43,company-43,Power,OilCap,MW,CI,3507368098,NA,3372718132,2412733483,NA
43,company-43,Power,OilCap,MW,TL,NA,23091046599,4799905291,NA,6975248093
58,company-58,Power,RenewablesCap,MW,R2,7290584620,4323976422,NA,5498794924,22840998329
58,company-58,Power,RenewablesCap,MW,TL,NA,2271796247,2087458574,785511634,NA
58,company-58,Power,RenewablesCap,MW,LY,4380453831,NA,NA,7823850227,13711011840
58,company-58,Power,RenewablesCap,MW,BO,6351780588,11933462435,1438204709,7795640511,NA
80,company-80,Power,OilCap,MW,MG,11926428847,NA,3715381866,NA,2993141367
80,company-80,Power,OilCap,MW,BO,NA,10521476828,7566723244,NA,930836820
80,company-80,Power,OilCap,MW,LY,31218245898,NA,NA,2899853277,NA
100,company-100,Power,GasCap,MW,R2,6869750355,30422696402,NA,5376146366,25006103991
100,company-100,Power,GasCap,MW,BO,2176591958,4463410349,771767011,23141618442,NA
100,company-100,Power,GasCap,MW,TL,NA,1390081531,NA,NA,322914471
100,company-100,Power,GasCap,MW,CI,11063033780,NA,3709943581,14911436258,4942859470
1,company-1,Power,HydroCap,MW,GE,11398444288,4102646576,NA,NA,9593891759
1,company-1,Power,HydroCap,MW,MQ,NA,15732753902,6043880475,1471453546,3815231513
2,company-2,Power,NuclearCap,MW,MS,8178207561,NA,8323839726,18394034957,2106680076
2,company-2,Power,NuclearCap,MW,GE,NA,6505810244,7842954025,13891290954,9607188588
2,company-2,Power,NuclearCap,MW,TF,NA,1242473560,NA,NA,14953112706
3,company-3,Power,HydroCap,MW,SM,NA,NA,25582581847,12894510693,10789771920
3,company-3,Power,HydroCap,MW,UY,NA,11469543514,NA,1497824999,11996327655
3,company-3,Power,HydroCap,MW,MS,5007054651,14506917295,NA,1813485696,2733379603
3,company-3,Power,HydroCap,MW,TF,5948504379,NA,3277277709,2443414246,3065870714
4,company-4,Power,HydroCap,MWh,MQ,8798249058,NA,224641079,NA,2314709425
5,company-5,Power,OilCap,MW,MQ,247832027,NA,11115323062,NA,2209478273
6,company-6,Power,CoalCap,MW,MS,38905640275,7628427361,1530181566,1653343792,29022783685
6,company-6,Power,CoalCap,MW,GE,NA,4512406108,NA,12618849404,NA
6,company-6,Power,CoalCap,MW,MQ,14278015481,3262867298,15624296123,NA,6767459795
6,company-6,Power,CoalCap,MW,SM,6704292897,17702992283,NA,NA,29222492345
6,company-6,Power,CoalCap,MW,TF,3754587515,4874750286,NA,395298173,16508159562
6,company-6,Power,NuclearCap,MWh,MQ,3611833943,11486351434,6923822898,NA,NA
6,company-6,Power,NuclearCap,MWh,SM,5452319546,NA,NA,8762005305,559093109
6,company-6,Power,NuclearCap,MWh,TF,4964843816,6427401593,NA,42666596842,21887956477
6,company-6,Power,NuclearCap,MWh,GE,NA,4126742203,NA,1274536731,1404698874
7,company-7,Power,RenewablesCap,MWh,SM,13730856763,5055857564,NA,NA,35711674608
8,company-8,Power,NuclearCap,MW,GE,17410895466,831389743,NA,20453887920,667560961
8,company-8,Power,NuclearCap,MWh,TF,2703834541,NA,9621661003,7275173170,1786887259
8,company-8,Power,NuclearCap,MWh,SM,NA,1291568482,8240857471,253726308,NA
9,company-9,Power,GasCap,MWh,SM,11219234719,322251500,18279352058,NA,14190250850
9,company-9,Power,GasCap,MW,TF,286432772,6668789623,5329325629,NA,NA
9,company-9,Power,GasCap,MW,MS,18048589152,NA,NA,3902794877,9327502329
9,company-9,Power,GasCap,MW,UY,14768256488,2866994102,2395068169,3238285549,16660631008
9,company-9,Power,OilCap,MWh,MQ,NA,20157312211,19288857384,7326653215,12321503752
9,company-9,Power,OilCap,MWh,SM,13782684116,31366060312,NA,17462598588,1945647576
9,company-9,Power,OilCap,MWh,GE,7940337279,10301692867,5826428669,7231057035,4251528237
10,company-10,Power,OilCap,MWh,MS,12102164126,1266980868,5187357865,26838068875,6902681429
10,company-10,Power,OilCap,MWh,MQ,NA,NA,7762047417,7043913693,2142421803
10,company-10,Power,OilCap,MWh,SM,NA,NA,NA,NA,2144297905
10,company-10,Power,OilCap,MWh,GE,697147783,18564050656,22471677339,11832719813,2761124501
10,company-10,Coal,Coal,t coal,MS,NA,NA,16889903320,5975086768,40687047001
11,company-11,Power,RenewablesCap,MWh,MS,11136513591,6022760777,7766281533,NA,888982279
11,company-11,Power,RenewablesCap,MWh,GE,NA,1532832234,4935074393,42802771269,NA
11,company-11,Power,RenewablesCap,MWh,SM,21707639828,2934902488,12648697667,6640597903,NA
11,company-11,Power,RenewablesCap,MWh,TF,3380944640,NA,53380205231,5328625389,42628370708
11,company-11,Power,OilCap,MW,MQ,8085858541,3945638172,NA,1408434599,5689005968
11,company-11,Power,OilCap,MW,MS,394709262,6257685287,12810067032,16090608091,NA
11,company-11,Power,OilCap,MW,GE,12943386610,1434919886,NA,6894215287,4700313214
11,company-11,Power,OilCap,MW,UY,3997014580,25752951281,6694393777,6177823615,17795191486
12,company-12,Power,HydroCap,MW,GE,1683880144,9691350127,10366629247,NA,394963343
12,company-12,Coal,Coal,t coal,UY,5525881379,3200422900,43821656469,NA,30635104096
12,company-12,Coal,Coal,t coal,TF,5013575894,7722895687,NA,8212830632,NA
13,company-13,Power,NuclearCap,MW,SM,2478570951,11475687970,7602336242,NA,17911596063
13,company-13,Power,NuclearCap,MW,TF,5319111085,9556387538,NA,3914077819,8341485212
13,company-13,Power,NuclearCap,MW,GE,3258953943,5171809530,24332390204,NA,16002566853
13,company-13,Power,HydroCap,MW,MQ,NA,NA,18298682437,4382805589,5128800173
14,company-14,Power,HydroCap,MW,MQ,3696017054,27488731561,NA,6743962957,NA
14,company-14,Power,CoalCap,MWh,UY,3383696805,3578405004,NA,31714962280,9876061155
15,company-15,Power,OilCap,MWh,MQ,10239297635,8797822965,NA,NA,8675358522
15,company-15,Power,OilCap,MWh,TF,NA,7991952632,NA,20306159938,15862817554
15,company-15,Power,OilCap,MWh,SM,20711522687,7011739717,8922334831,NA,NA
15,company-15,Power,OilCap,MWh,MS,807830021,2247060690,10797923389,1942398504,8133409526
16,company-16,Coal,Coal,t coal,TF,85017210,3238659094,NA,NA,3025639996
16,company-16,Coal,Coal,t coal,GE,3255144599,NA,13248719010,5106651815,8413959423
16,company-16,Coal,Coal,t coal,MS,11190292800,NA,10563080224,NA,4454696671
16,company-16,Coal,Coal,t coal,MQ,13516251674,11171404386,678582828,NA,1035747465
16,company-16,Coal,Coal,t coal,SM,1531666517,7137496786,4330038970,10068547250,NA
16,company-16,Power,NuclearCap,MWh,TF,6117415546,NA,3049119401,23521134213,1672247498
16,company-16,Power,NuclearCap,MWh,GE,12471987772,1833982860,13741481860,3666186591,8725551888
17,company-17,Power,GasCap,MW,MS,NA,377016300,10915708349,11553573466,1048624914
18,company-18,Power,HydroCap,MW,MS,8034440682,NA,NA,424446807,NA
18,company-18,Power,HydroCap,MW,TF,24311323326,33794116647,13770073365,NA,27081879047
18,company-18,Power,HydroCap,MW,GE,NA,NA,NA,2309813225,3474702141
18,company-18,Power,HydroCap,MW,MQ,2268985184,NA,28379777815,214116146,NA
18,company-18,Power,HydroCap,MW,SM,NA,2067257307,8967665999,12544206945,NA
18,company-18,Power,RenewablesCap,MWh,MQ,NA,20243246757,12470125315,NA,NA
18,company-18,Power,RenewablesCap,MWh,SM,NA,19748551734,19620296548,27515595416,NA
18,company-18,Power,RenewablesCap,MWh,GE,8715423787,6561109614,NA,13897247972,29328328645
18,company-18,Power,GasCap,MWh,MQ,NA,9724787868,NA,6713086,NA
18,company-18,Power,GasCap,MWh,GE,NA,NA,1457314773,108112224,8670778545
18,company-18,Power,GasCap,MWh,MS,NA,19433444660,NA,NA,2528855255
20,company-20,Coal,Coal,t coal,MQ,20241471383,8023976482,2414332021,NA,5685995841
20,company-20,Coal,Coal,t coal,UY,888697347,17303017117,7136025757,9067470049,NA
20,company-20,Coal,Coal,t coal,SM,5345208266,5333734611,NA,NA,19983373169
20,company-20,Coal,Coal,t coal,GE,19848187457,3763016865,408881373,29656048465,NA
20,company-20,Coal,Coal,t coal,TF,31683255586,NA,22448692476,20491027551,6599398321
20,company-20,Power,NuclearCap,MW,MQ,3658937646,3205664787,4958831244,2309072425,NA
20,company-20,Power,NuclearCap,MW,MS,NA,NA,3641954380,20034058239,NA
20,company-20,Power,NuclearCap,MW,UY,2489786465,12818658136,NA,11968661626,2169404292
21,company-21,Power,OilCap,MWh,MS,33950626548,NA,NA,8445688686,11374261553
21,company-21,Power,OilCap,MWh,MQ,3586396652,NA,23014875952,NA,NA
21,company-21,Power,OilCap,MWh,TF,7239003374,NA,6114641151,5157921540,NA
21,company-21,Power,HydroCap,MW,GE,19097035918,45391117066,26117144541,496907792,23828909544
21,company-21,Power,HydroCap,MW,MS,28011538962,669253115,7003919991,12341743546,NA
21,company-21,Power,HydroCap,MW,MQ,6492273652,3971026595,12395086371,6850206213,NA
21,company-21,Power,HydroCap,MW,UY,37263344381,3002973142,5497877669,7844357679,NA
21,company-21,Power,HydroCap,MW,TF,15614246130,9005599182,2783074166,17059176209,933041353
22,company-22,Power,GasCap,MWh,MQ,NA,14022843536,13094998744,22769447686,3680954686
22,company-22,Power,GasCap,MWh,GE,5376470105,NA,2120775381,10664194073,3373382327
22,company-22,Power,GasCap,MWh,TF,NA,NA,NA,10860623944,NA
22,company-22,Power,GasCap,MWh,SM,10942252057,3341311655,16490862185,NA,3781170503
22,company-22,Power,OilCap,MWh,TF,286243,2582287200,14950294550,6088597863,NA
22,company-22,Power,OilCap,MWh,MQ,3063814548,1340749072,NA,20579163729,176068492
22,company-22,Power,OilCap,MWh,GE,1960735671,2963868794,16576779751,NA,11764893963
22,company-22,Power,OilCap,MWh,MS,4277818816,1773133106,NA,NA,NA
22,company-22,Power,OilCap,MWh,SM,NA,NA,2460017985,7961824061,1874482658
24,company-24,Power,GasCap,MWh,MS,1400754243,19639088533,17955782652,NA,NA
24,company-24,Power,GasCap,MWh,TF,25951186528,3428505079,17443322399,8046072873,23382033835
24,company-24,Power,GasCap,MWh,GE,NA,9308364698,NA,2357958221,19944391374
24,company-24,Power,GasCap,MWh,SM,26174061659,17776821662,23956044853,NA,NA
24,company-24,Power,GasCap,MWh,UY,2150926411,3291129208,2312662555,3671625928,8955877457
25,company-25,Power,GasCap,MW,MQ,NA,10300894759,NA,573727356,3065163214
25,company-25,Power,NuclearCap,MW,MS,9884591309,NA,222154575,NA,1906837355
25,company-25,Power,NuclearCap,MW,UY,4410474635,NA,27294778203,11286349167,709160760
25,company-25,Power,NuclearCap,MW,TF,4418363516,43288414445,5752721881,593075725,17521994955
25,company-25,Power,NuclearCap,MW,MQ,NA,NA,4516314694,4419397502,NA
26,company-26,Coal,Coal,t coal,SM,2974304722,9287168251,5546806205,NA,NA
26,company-26,Coal,Coal,t coal,MS,NA,23825234867,20668170956,18140014070,23918164910
26,company-26,Coal,Coal,t coal,MQ,14400717162,NA,12111979517,3412387357,14881518968
26,company-26,Coal,Coal,t coal,UY,3949722732,17503347171,25391220830,10096848892,1997901136
27,company-27,Power,NuclearCap,MW,MQ,28719595937,4792145650,14173244992,44500734579,14616665973
27,company-27,Power,NuclearCap,MW,TF,NA,7340408037,611141176,6499837299,4441694632
27,company-27,Power,GasCap,MW,UY,1767480333,14474348394,33065815646,1527784074,753466356
27,company-27,Power,GasCap,MW,MS,7477558163,NA,NA,426910083,22427726505
27,company-27,Power,GasCap,MW,SM,13312099453,19832837985,15123557552,17345232691,NA
27,company-27,Power,GasCap,MW,MQ,NA,42496405440,4026584344,1877290318,11893229726
29,company-29,Power,OilCap,MWh,MS,2137726122,28440423151,3825762165,11783042341,1956241312
29,company-29,Power,OilCap,MWh,SM,NA,4471904184,1763514261,6194463909,327955303
29,company-29,Power,OilCap,MWh,TF,17168111850,1149540889,NA,NA,NA
29,company-29,Power,HydroCap,MW,MQ,2651970061,15159615669,NA,16255748631,5128388146
29,company-29,Power,HydroCap,MW,GE,NA,11143351220,4435532650,1221431434,2047696233
29,company-29,Power,HydroCap,MW,TF,2729009049,12495132266,NA,NA,14677385031
29,company-29,Power,HydroCap,MW,MS,26604914064,764833032,NA,656059606,NA
29,company-29,Power,HydroCap,MW,UY,36126410533,4730796593,21705072553,NA,20282691791
31,company-31,Power,RenewablesCap,MWh,MQ,NA,4079516802,6624575645,17154135714,NA
31,company-31,Power,RenewablesCap,MWh,SM,970462745,4841749909,NA,2275436334,2053447865
31,company-31,Power,RenewablesCap,MWh,GE,9348956858,NA,1007558741,1766903011,2978828906
31,company-31,Power,RenewablesCap,MWh,TF,11901865613,3403411186,11729886637,1423131201,342009958
31,company-31,Power,OilCap,MWh,GE,NA,NA,7631919671,18627524929,43442269418
31,company-31,Power,OilCap,MWh,MS,NA,12182908930,NA,NA,NA
31,company-31,Power,OilCap,MWh,SM,NA,NA,939151377,20817179914,4654798303
32,company-32,Power,RenewablesCap,MWh,MQ,4678428796,1165140158,4702540331,5490771271,8313885556
32,company-32,Power,RenewablesCap,MW,SM,3956962288,4235852704,6564135133,NA,NA
32,company-32,Power,RenewablesCap,MW,MQ,39710269784,5728928515,NA,5342132529,NA
32,company-32,Power,RenewablesCap,MW,TF,85824683,15721855389,6601896170,NA,2261112083
32,company-32,Power,GasCap,MW,UY,19304914343,12518667010,11848986313,33134723678,6117784252
32,company-32,Power,GasCap,MW,MQ,NA,862933501,215988929,9323246771,10755291036
32,company-32,Power,GasCap,MW,GE,4938142394,10288146715,6832665224,NA,1843586413
34,company-34,Coal,Coal,t coal,MQ,9105391343,NA,20620637274,33379802863,158316407
34,company-34,Coal,Coal,t coal,SM,8544592197,NA,3622370650,1317079294,33926319203
34,company-34,Power,GasCap,MWh,GE,12802703875,4498232561,NA,NA,3438431687
34,company-34,Power,GasCap,MWh,TF,5981625592,78487991,1737483330,32622260214,NA
34,company-34,Power,GasCap,MWh,SM,NA,10150442114,23381485890,NA,12735573313
34,company-34,Power,GasCap,MWh,UY,13593584866,2116960776,NA,7331110472,22596887628
36,company-36,Power,HydroCap,MW,MS,10104037041,NA,26772739778,5142626713,NA
36,company-36,Power,HydroCap,MW,SM,NA,3167923243,25916823256,6488154044,4192702638
36,company-36,Power,HydroCap,MW,MQ,2216753952,3600387513,NA,3081534779,2663496147
36,company-36,Power,HydroCap,MW,UY,3978396601,NA,6889725309,NA,NA
36,company-36,Power,NuclearCap,MW,SM,1460847324,NA,5223865823,3740646757,NA
37,company-37,Power,GasCap,MW,GE,8702606267,26650825255,9222297111,15577428831,2224757466
37,company-37,Power,GasCap,MW,UY,6211524774,NA,116530973168,5406151193,NA
37,company-37,Power,GasCap,MW,TF,NA,4751208668,1672902450,3470948998,5466976507
37,company-37,Power,GasCap,MW,MS,NA,NA,21396073576,7872974154,18097032
37,company-37,Power,OilCap,MWh,GE,3263121284,NA,70911474816,3468010666,3477602833
37,company-37,Power,OilCap,MWh,MS,1866911226,11830568751,2139537107,NA,2623949810
38,company-38,Coal,Coal,t coal,UY,20738453965,7682287711,769410176,NA,1007262442
38,company-38,Coal,Coal,t coal,MS,191357865,4127427622,NA,5168215706,NA
38,company-38,Coal,Coal,t coal,SM,NA,472961547,9218180691,5471382472,8115597357
38,company-38,Coal,Coal,t coal,GE,NA,1543107252,NA,NA,6000501387
39,company-39,Power,CoalCap,MW,MS,2141607584,21161968684,11140690321,NA,NA
39,company-39,Power,CoalCap,MW,UY,12079462893,NA,7702518496,2246903976,8778299678
39,company-39,Power,CoalCap,MW,MQ,NA,NA,NA,NA,7438621482
41,company-41,Power,HydroCap,MW,UY,2776258057,10155589263,6566278421,NA,4609588670
41,company-41,Power,HydroCap,MW,MS,13503155416,NA,5744511579,NA,11453903186
41,company-41,Power,HydroCap,MW,TF,NA,723776422,3160763853,NA,5178001714
41,company-41,Power,HydroCap,MW,GE,1657100517,1227856764,NA,13232103234,9169783086
41,company-41,Power,HydroCap,MW,MQ,1067643355,13333474428,17351933122,5828037099,2530722169
41,company-41,Power,OilCap,MW,MQ,5675185486,308853074,2268898876,3025624620,2103192648
41,company-41,Power,OilCap,MW,GE,NA,4406430245,NA,1351107090,2005668962
41,company-41,Power,OilCap,MW,MS,11512138010,3851820313,4352418122,14410802282,8300675774
41,company-41,Power,OilCap,MW,TF,22070839381,2160272501,14470525325,NA,10762702891
41,company-41,Power,OilCap,MW,UY,NA,5375109450,NA,NA,12636895220
41,company-41,Power,GasCap,MW,SM,NA,NA,6964429722,11098510382,NA
41,company-41,Power,GasCap,MW,GE,NA,42840621536,9060582721,10485514326,NA
41,company-41,Power,GasCap,MW,MS,5519571360,NA,24628373954,5900428465,NA
42,company-42,Power,CoalCap,MWh,SM,16072357601,19856437738,28954422005,1808770047,466802178
42,company-42,Power,CoalCap,MWh,TF,36665871181,2441721569,16525993467,5538783158,NA
42,company-42,Power,CoalCap,MWh,MS,4038615377,12639468111,NA,4973147766,NA
43,company-43,Power,GasCap,MWh,MQ,4481308857,10620982554,NA,9271413899,NA
43,company-43,Power,GasCap,MWh,TF,18272702834,NA,2231908549,647316219,635482314
44,company-44,Coal,Coal,t coal,UY,NA,3312743255,NA,455592057,11131447666
44,company-44,Coal,Coal,t coal,MS,8632662146,2546665417,NA,979186982,1844487551
44,company-44,Coal,Coal,t coal,MQ,3801069355,16723777586,12898648329,NA,386236762
44,company-44,Coal,Coal,t coal,SM,8429507027,8097427576,5971497170,1232676607,2081545025
44,company-44,Coal,Coal,t coal,TF,6185628995,2413775384,NA,15435939284,7334204142
44,company-44,Power,GasCap,MW,GE,29601017449,12963198534,NA,15202193902,8846103836
44,company-44,Power,GasCap,MW,MQ,NA,20318242490,318539765,4185274654,17199982678
44,company-44,Power,GasCap,MW,MS,NA,7696894150,1112161657,7578255890,396929834
44,company-44,Power,GasCap,MW,TF,11552911341,NA,NA,19680794860,6379445467
45,company-45,Power,NuclearCap,MW,SM,18472689132,8084060530,NA,6463806696,2116724985
46,company-46,Power,NuclearCap,MW,MQ,2276335456,7217218848,NA,NA,2359925191
46,company-46,Power,NuclearCap,MW,GE,8615076034,17766113319,14535929336,9279755066,7075669964
46,company-46,Power,NuclearCap,MW,TF,5825634704,30849823928,5696383736,25702118999,5172302263
46,company-46,Power,NuclearCap,MW,MS,NA,528278931,2775676507,2997974706,4266165356
46,company-46,Power,NuclearCap,MW,SM,34305798764,2733654314,3740084861,NA,NA
47,company-47,Power,CoalCap,MW,MQ,3214657480,NA,15158832192,17799408811,NA
47,company-47,Power,CoalCap,MW,UY,NA,14752282972,9191439664,20370344857,2251687956
49,company-49,Power,OilCap,MWh,MQ,2578975837,7774292942,19566909923,6189670301,10578973082
49,company-49,Power,NuclearCap,MWh,MS,NA,2404101265,432230086,NA,NA
49,company-49,Power,NuclearCap,MWh,UY,5138686416,NA,2828892142,33414956609,29204965173
49,company-49,Power,NuclearCap,MWh,SM,23029990179,2060896319,3263060712,231658306,4006546995
50,company-50,Power,HydroCap,MWh,SM,23634463197,3414821179,167102233,16435005568,NA
50,company-50,Power,HydroCap,MWh,GE,16519916317,NA,NA,4044584753,NA
50,company-50,Power,HydroCap,MWh,TF,NA,369397902,4201028343,25006455514,379293507
50,company-50,Power,HydroCap,MWh,MQ,NA,429744688,NA,4849637404,NA
52,company-52,Power,CoalCap,MW,SM,4955826917,10175364392,NA,11499266241,NA
52,company-52,Power,CoalCap,MW,TF,16878875661,NA,1956459389,755076074,NA
52,company-52,Power,CoalCap,MW,MS,10972923462,5269029341,4291145576,9708643325,2756360008
52,company-52,Power,CoalCap,MW,UY,15809830399,11664821143,NA,2317921523,NA
52,company-52,Power,CoalCap,MW,MQ,5583974325,5367216682,867743102,NA,NA
52,company-52,Power,OilCap,MWh,UY,1626812607,9311990235,14680392424,4092671037,921389102
53,company-53,Coal,Coal,t coal,UY,1278087437,NA,20996841566,2040881114,NA
53,company-53,Coal,Coal,t coal,TF,4345738731,22907648279,NA,15291434808,4182258009
53,company-53,Coal,Coal,t coal,MS,24180001742,1728256777,10292083897,NA,NA
53,company-53,Power,CoalCap,MWh,MQ,13693783309,3004427953,20990850520,NA,5404557213
53,company-53,Power,CoalCap,MWh,TF,4758153838,165936161,NA,2454512060,17058417174
53,company-53,Power,CoalCap,MWh,SM,7593773707,5418483862,1748647342,4602156451,3487967718
53,company-53,Power,CoalCap,MWh,MS,29161657584,NA,1823384912,6471085149,NA
55,company-55,Power,CoalCap,MW,TF,9669743449,2028952968,44718859447,NA,NA
56,company-56,Power,RenewablesCap,MW,MQ,8680871,NA,30413603346,6116524626,11718534492
57,company-57,Power,HydroCap,MW,TF,4632564741,10285647073,1428654624,22010697865,NA
57,company-57,Power,HydroCap,MW,GE,2053982009,585417274,3831746445,NA,42566867603
58,company-58,Power,OilCap,MW,MQ,NA,NA,NA,NA,12955945394
58,company-58,Power,OilCap,MW,SM,NA,13382129246,3864741221,2900888262,NA
58,company-58,Power,OilCap,MW,GE,17595769631,2685488481,2356693822,8123169945,4178858594
58,company-58,Power,OilCap,MW,MS,NA,3807834701,1434888295,2405809740,NA
59,company-59,Power,HydroCap,MW,TF,19894445870,14894450099,7920038592,NA,NA
59,company-59,Power,HydroCap,MW,UY,NA,17168059451,6493417808,16732649226,3341508105
59,company-59,Power,HydroCap,MW,SM,973351373,20991004068,NA,401943998,41800193701
59,company-59,Power,HydroCap,MW,MS,25941483159,NA,12735084662,NA,NA
59,company-59,Power,NuclearCap,MW,MS,19154630307,27393491525,5641743613,18939341836,39935004495
59,company-59,Power,NuclearCap,MW,TF,30624868115,NA,3823138941,1013625477,12803437809
59,company-59,Power,NuclearCap,MW,SM,8002596015,15151891381,9245791410,7012873951,9420754095
59,company-59,Power,NuclearCap,MW,UY,5262943856,24478202338,14027876037,2328697780,1066794679
60,company-60,Power,GasCap,MWh,MS,10411560703,2305489881,12816247974,3904450161,12625128865
60,company-60,Power,GasCap,MWh,UY,18683565009,5196913838,11329937309,2515351979,9460200883
60,company-60,Power,GasCap,MWh,TF,NA,15881578211,NA,NA,NA
60,company-60,Power,GasCap,MWh,SM,12005288977,2382716483,41014288204,45099769787,24469367915
60,company-60,Power,GasCap,MWh,GE,NA,31869525894,551646817,NA,25512675782
61,company-61,Power,NuclearCap,MWh,MQ,NA,6501676425,865879568,NA,2227504080
62,company-62,Power,OilCap,MW,SM,NA,1411427316,48843223,NA,49512161744
63,company-63,Power,GasCap,MWh,GE,NA,370726089,164415957,5050230794,9886698317
63,company-63,Coal,Coal,t coal,TF,7877809372,5716949163,NA,4000777022,1774746620
63,company-63,Coal,Coal,t coal,GE,15384952390,5628175748,1913784850,7933357439,17529807709
63,company-63,Coal,Coal,t coal,SM,2276573702,14444937993,NA,25670898245,4882460177
63,company-63,Coal,Coal,t coal,MS,21987665141,6016733681,10519447024,NA,94403188
64,company-64,Power,HydroCap,MW,TF,2832039542,NA,NA,5662526818,27496234910
64,company-64,Power,HydroCap,MW,SM,NA,3563358931,5955123898,607518209,41456925463
64,company-64,Power,HydroCap,MW,MQ,15425457288,NA,33979210236,5042951611,2774950377
65,company-65,Power,RenewablesCap,MWh,MS,NA,NA,15555184768,3481101803,4974983853
65,company-65,Power,CoalCap,MWh,MS,7490124873,4829877970,NA,628987649,2193149134
65,company-65,Power,CoalCap,MWh,TF,11597902639,NA,NA,4747843979,15090098879
65,company-65,Power,CoalCap,MWh,SM,NA,11911500766,13637638612,NA,34550003473
66,company-66,Power,CoalCap,MW,MQ,48500664525,4066580813,NA,12386572169,14495986984
66,company-66,Power,GasCap,MWh,SM,NA,15480490557,NA,NA,38016749704
66,company-66,Power,GasCap,MWh,GE,2512075798,9396785638,NA,NA,NA
66,company-66,Power,GasCap,MWh,TF,17913643228,6197011448,3511344685,8166958700,11086792718
66,company-66,Power,CoalCap,MWh,TF,325775603,NA,2314054269,NA,NA
66,company-66,Power,CoalCap,MWh,MQ,NA,8287493151,10608035354,1943336668,NA
66,company-66,Power,CoalCap,MWh,SM,478427819,NA,3577007407,951983291,1184099314
66,company-66,Power,CoalCap,MWh,UY,908580815,NA,6027783378,8920502799,NA
67,company-67,Power,OilCap,MW,GE,543725506,8118277773,22660403909,NA,10974306273
68,company-68,Power,NuclearCap,MWh,MS,NA,2436023805,NA,12474849900,10417185887
68,company-68,Power,NuclearCap,MWh,TF,11778994747,NA,NA,20809514184,10081728726
68,company-68,Power,NuclearCap,MWh,UY,3239500765,8255795593,40023887,1434608474,14417560749
68,company-68,Power,NuclearCap,MWh,MQ,13679707366,12840568926,NA,17340339359,NA
69,company-69,Power,RenewablesCap,MW,UY,NA,19190643233,14143285798,10878359038,3733230043
69,company-69,Power,RenewablesCap,MW,GE,NA,2854073492,1176139711,3362008012,12742217893
69,company-69,Coal,Coal,t coal,MQ,NA,NA,NA,10172508291,3003387117
70,company-70,Power,OilCap,MWh,SM,18914851810,4625358061,NA,29869677559,1528949783
71,company-71,Power,RenewablesCap,MW,GE,40312489089,1725361899,NA,3507267275,10705234739
71,company-71,Power,RenewablesCap,MW,SM,32960694746,NA,NA,59439199,NA
71,company-71,Power,RenewablesCap,MW,MQ,12557889639,6675529052,10532763866,14731588024,3298566776
71,company-71,Power,RenewablesCap,MW,MS,65556613138,13006479948,NA,24325637495,NA
71,company-71,Power,GasCap,MWh,MS,NA,11706975305,NA,NA,6545571745
71,company-71,Power,GasCap,MWh,GE,9227757791,7460824930,NA,NA,NA
71,company-71,Power,GasCap,MWh,MQ,10802751972,NA,933457377,5550255539,NA
71,company-71,Power,GasCap,MWh,UY,24401563701,NA,11821121331,53600860137,5052031889
72,company-72,Power,HydroCap,MWh,GE,NA,5103442032,NA,6480664658,657722955
72,company-72,Power,HydroCap,MWh,UY,3855179937,37242368458,NA,NA,15279336420
72,company-72,Power,HydroCap,MWh,MQ,NA,8486946703,21238662309,616600218,11173008336
72,company-72,Power,NuclearCap,MWh,MS,6341283766,NA,1922762801,NA,14140399602
74,company-74,Power,HydroCap,MW,TF,NA,NA,4103451311,10020907492,NA
74,company-74,Power,HydroCap,MW,MQ,10983670152,215705344,4045694496,31595384499,20586281383
74,company-74,Power,HydroCap,MW,MS,1136572110,NA,10143941390,28411708780,16018146238
75,company-75,Power,OilCap,MWh,TF,14166593016,2277967068,5076887034,10408726861,6994992630
76,company-76,Power,OilCap,MW,SM,3472565609,NA,NA,3887883886,1075809405
76,company-76,Power,OilCap,MW,MQ,NA,NA,NA,6564809356,7863877903
76,company-76,Power,OilCap,MW,GE,NA,1283272597,4563639625,17718069902,1429657417
77,company-77,Power,RenewablesCap,MW,TF,NA,465451124,3117442087,8317242035,5816260703
77,company-77,Power,RenewablesCap,MW,MS,6676157894,2714980290,3191472902,19581446371,95212119
77,company-77,Power,RenewablesCap,MW,UY,722732120,NA,9618600553,NA,NA
77,company-77,Power,HydroCap,MWh,UY,44194031581,4770592297,3914006140,21583205580,2150297992
77,company-77,Power,HydroCap,MWh,MS,19051892328,3349674885,43785481443,1522254979,NA
77,company-77,Power,CoalCap,MW,MS,124645245,8095967539,20191051186,NA,31566794424
77,company-77,Power,CoalCap,MW,GE,47520510155,6342612109,4424113586,3878431738,1067859064
77,company-77,Power,CoalCap,MW,MQ,NA,2428022505,NA,23349193515,NA
78,company-78,Power,OilCap,MWh,UY,4024305216,2965568558,16187296880,NA,24098796531
78,company-78,Power,OilCap,MWh,MQ,16658017278,44084522445,3316400582,4910189283,9822476292
78,company-78,Power,OilCap,MWh,GE,7337385285,8909186831,12436195234,NA,9186568338
79,company-79,Power,RenewablesCap,MW,MQ,8883025882,6688084385,NA,14657073122,NA
79,company-79,Power,RenewablesCap,MW,TF,17842833785,1621339056,NA,NA,18989158623
79,company-79,Power,RenewablesCap,MW,MS,6352194090,10038305754,5265466290,NA,NA
79,company-79,Power,RenewablesCap,MW,SM,NA,NA,17097453505,18084247661,12118891754
79,company-79,Power,RenewablesCap,MW,GE,NA,NA,23679584990,564468958,NA
80,company-80,Power,OilCap,MWh,UY,9506247827,16669460373,26014538287,NA,4079982918
80,company-80,Power,OilCap,MWh,MQ,6895843539,10306331411,3368781422,25157607893,2183109738
80,company-80,Power,GasCap,MW,GE,NA,3556363163,NA,NA,NA
80,company-80,Power,GasCap,MW,UY,NA,2580864396,NA,NA,12184563738
80,company-80,Power,GasCap,MW,MS,13600657647,NA,17723031013,NA,NA
80,company-80,Power,GasCap,MW,SM,NA,NA,6952896358,NA,46492590881
80,company-80,Power,GasCap,MW,MQ,6767185070,7646828542,3174524385,5269945685,16969707763
82,company-82,Power,RenewablesCap,MWh,SM,14369330631,10780194073,4201101297,2258445754,5511053201
83,company-83,Power,HydroCap,MW,GE,2009658627,800242596,570900005,NA,3964024801
83,company-83,Power,HydroCap,MW,SM,660437108,4112342804,3925312939,5352825347,1469822770
83,company-83,Power,HydroCap,MW,TF,19078755749,6029914007,NA,NA,NA
84,company-84,Power,GasCap,MWh,MQ,7191673726,5916026866,2972237976,1911806302,13077050998
84,company-84,Power,NuclearCap,MWh,SM,3752643642,6219690402,NA,2592341247,21376157606
84,company-84,Power,NuclearCap,MWh,TF,1139189288,14811549191,12270745436,4381340287,NA
84,company-84,Power,NuclearCap,MWh,MS,7109458569,NA,NA,6256110677,NA
84,company-84,Power,NuclearCap,MWh,MQ,1017083290,NA,5017737745,NA,NA
86,company-86,Power,NuclearCap,MW,UY,NA,14496932471,11537220950,23818308036,1202420463
86,company-86,Power,NuclearCap,MW,SM,6948121488,21395287240,1493607985,23371013029,11491838159
86,company-86,Power,NuclearCap,MW,GE,9514674826,NA,10625374028,NA,NA
86,company-86,Power,CoalCap,MWh,GE,NA,NA,9410296693,15505411255,NA
86,company-86,Power,CoalCap,MWh,TF,NA,2304311377,8344825255,NA,1169161076
86,company-86,Power,CoalCap,MWh,MS,4890081884,NA,NA,5015649412,NA
86,company-86,Power,CoalCap,MWh,UY,6103231743,1484040328,NA,NA,6050503213
86,company-86,Power,CoalCap,MWh,SM,8526119917,15668679071,14402879251,NA,NA
86,company-86,Power,GasCap,MWh,TF,2375053222,NA,582010086,6607410913,2027899327
86,company-86,Power,GasCap,MWh,MS,NA,7230275293,NA,NA,8227156553
86,company-86,Power,GasCap,MWh,GE,3918994647,3240163362,3210573527,NA,NA
87,company-87,Power,OilCap,MWh,TF,1912323479,3263374239,13902502197,9363608231,NA
87,company-87,Power,OilCap,MWh,MQ,6189228175,7390518642,17757514672,NA,5736753582
87,company-87,Power,OilCap,MWh,UY,43588380639,4026680471,8042719038,8278125336,13358922879
87,company-87,Power,OilCap,MWh,GE,2027026937,9228852944,16905254693,13103597545,NA
87,company-87,Power,OilCap,MWh,MS,2542396219,409108758,1758651630,NA,3995087810
87,company-87,Power,RenewablesCap,MW,SM,NA,20899096456,34135210729,3547092609,NA
87,company-87,Power,RenewablesCap,MW,GE,3062599908,NA,2282674704,32206275684,9407179153
87,company-87,Power,RenewablesCap,MW,MQ,17511685732,2681167874,8009486110,NA,8073622865
89,company-89,Power,RenewablesCap,MWh,SM,NA,3353151457,NA,NA,44401175723
89,company-89,Power,RenewablesCap,MWh,MS,4460052472,NA,8798721213,22202681535,1845392610
89,company-89,Power,RenewablesCap,MWh,GE,14557508504,272843046,20726527264,7406079438,54654903017
89,company-89,Power,RenewablesCap,MWh,UY,NA,NA,2399154528,14490040031,5281974229
89,company-89,Power,CoalCap,MW,UY,NA,764709401,NA,7374136247,NA
89,company-89,Power,CoalCap,MW,GE,6793588325,NA,2323790012,12407273617,2342544519
89,company-89,Power,CoalCap,MW,MS,996656043,NA,13212159587,8218480633,28419590948
89,company-89,Power,CoalCap,MW,SM,2255672100,NA,18072741469,12752832509,9261871206
90,company-90,Power,CoalCap,MW,UY,NA,578389098,11669312046,NA,6438204822
90,company-90,Power,CoalCap,MW,MS,NA,12099740276,NA,178175694,15732109802
90,company-90,Power,CoalCap,MW,GE,23321645296,1272193081,1423820210,9085220849,1658965608
90,company-90,Power,CoalCap,MW,MQ,NA,11758460547,387790233,2663387875,NA
90,company-90,Power,CoalCap,MW,TF,15097949503,15332855960,4038913862,12836533763,2285566560
90,company-90,Power,GasCap,MWh,MS,2034053377,NA,NA,179650981,38671530995
90,company-90,Power,GasCap,MWh,UY,14245806860,NA,481767852,NA,10699850531
90,company-90,Power,RenewablesCap,MW,GE,NA,12616977948,NA,27188704854,6708059077
90,company-90,Power,RenewablesCap,MW,TF,23316932068,816536388,NA,14244999404,NA
90,company-90,Power,RenewablesCap,MW,SM,4169855198,20300837377,NA,5407339449,NA
90,company-90,Power,RenewablesCap,MW,MQ,5956810908,280700891,2668814038,5443804398,NA
90,company-90,Power,RenewablesCap,MW,MS,10194198055,NA,14870880,NA,NA
91,company-91,Power,NuclearCap,MWh,MS,2631729449,3698356882,NA,3064138873,1140853179
91,company-91,Power,NuclearCap,MWh,SM,NA,NA,22340260285,33889943306,NA
91,company-91,Power,NuclearCap,MWh,GE,15497119227,3543741273,10643042074,2784735028,NA
91,company-91,Power,NuclearCap,MWh,UY,21123908108,NA,NA,27690478483,7198143142
92,company-92,Power,GasCap,MW,TF,NA,661714503,11559718119,1781169806,NA
92,company-92,Power,GasCap,MW,MS,NA,38692281485,NA,2464108036,NA
93,company-93,Power,HydroCap,MW,TF,16598697363,NA,4598079946,2165306427,27733204969
93,company-93,Power,CoalCap,MW,MQ,NA,1928539170,4055033560,NA,8722590537
94,company-94,Power,RenewablesCap,MW,SM,5904065028,5377232066,890981135,7224694872,8736010038
94,company-94,Power,RenewablesCap,MW,UY,29694516709,NA,9528235946,7479309213,299714983
94,company-94,Power,RenewablesCap,MW,MS,NA,10933269380,946179124,9171569651,1011693221
94,company-94,Coal,Coal,t coal,MS,1167189284,NA,10593677172,16324652249,4948284062
94,company-94,Coal,Coal,t coal,MQ,4390002854,NA,13155486633,4334043882,6066575677
94,company-94,Coal,Coal,t coal,TF,NA,NA,NA,552500000,1149015499
95,company-95,Power,HydroCap,MWh,MS,17762572950,671975890,NA,16361449693,13262025239
95,company-95,Power,NuclearCap,MW,UY,NA,6563766226,NA,7853314848,NA
95,company-95,Power,NuclearCap,MW,SM,1190328902,NA,1540308538,NA,10321715686
95,company-95,Power,NuclearCap,MW,MS,NA,3320043573,11874967152,4782394449,7901539717
96,company-96,Power,RenewablesCap,MWh,SM,NA,7079446694,9602413336,7541352590,7159235750
97,company-97,Power,OilCap,MWh,MQ,NA,NA,4294724126,1932257327,NA
97,company-97,Power,OilCap,MWh,UY,NA,4269383836,3845463700,NA,5072902574
97,company-97,Power,OilCap,MWh,SM,NA,16665878756,NA,3279249865,12884637569
97,company-97,Power,OilCap,MWh,TF,1314468996,1312058972,7084396903,14461969381,17982984177
98,company-98,Power,OilCap,MWh,GE,16331317439,428141847,NA,747827269,4177836595
98,company-98,Power,OilCap,MWh,SM,2271902048,3742109056,9642376547,NA,586057685
98,company-98,Power,OilCap,MWh,TF,NA,NA,2863786406,NA,3165971363
98,company-98,Power,OilCap,MWh,UY,NA,8958126729,609827987,1777881175,4603632597
99,company-99,Power,OilCap,MW,TF,2779254924,537985665,NA,NA,NA
99,company-99,Power,OilCap,MW,MQ,15916504812,22956466258,13296663193,NA,5410569693
99,company-99,Power,OilCap,MW,UY,19816501955,NA,28834890042,NA,1575935984
99,company-99,Power,OilCap,MW,SM,10899598232,17628479273,NA,15241624796,13900577167
99,company-99,Power,OilCap,MW,GE,NA,NA,3211399078,1538517912,NA
100,company-100,Power,HydroCap,MW,MS,3601400336,NA,12993749596,7707466285,26685005616
100,company-100,Power,CoalCap,MW,TF,NA,1891935788,5958372045,7426537772,6200652896
100,company-100,Power,CoalCap,MW,GE,NA,NA,NA,NA,1733960963
100,company-100,Power,CoalCap,MW,UY,1148724815,NA,7187569228,15266184632,20956191298
1,company-1,Power,HydroCap,MWh,MS,7573197709,NA,272782117,10272894885,NA
2,company-2,Power,NuclearCap,MWh,MS,NA,5499495036,9519828345,5368055476,3289632323
2,company-2,Power,NuclearCap,MWh,UY,2719984277,14732239462,NA,1334712216,4241687565
2,company-2,Power,NuclearCap,MWh,GE,10627793098,NA,15227425237,22753500803,NA
3,company-3,Power,HydroCap,MWh,GE,NA,15417199585,NA,3116389566,NA
3,company-3,Power,HydroCap,MWh,MQ,NA,10115445706,1922627632,5185597505,7294039878
3,company-3,Power,HydroCap,MWh,UY,3404369483,5607946020,20694498736,NA,15173726457
3,company-3,Power,HydroCap,MWh,TF,24647336938,4303239803,5172509005,15483194137,7462889051
3,company-3,Power,HydroCap,MWh,MS,17105394691,NA,5159801036,7649656414,13775552194
5,company-5,Power,OilCap,MWh,SM,7414097300,5471028190,974974958,4761119703,34049303038
5,company-5,Power,OilCap,MWh,GE,NA,34266827122,2106713095,17486445296,9577300803
6,company-6,Power,CoalCap,MWh,UY,6970151045,5923578639,14670183498,8905603643,10369543112
6,company-6,Power,CoalCap,MWh,TF,2445269978,66605596542,11623142181,1216113171,6955460811
11,company-11,Power,OilCap,MWh,MS,NA,2096650519,7541997362,1646768296,NA
12,company-12,Power,HydroCap,MWh,UY,18504965762,NA,NA,NA,15291105805
12,company-12,Power,HydroCap,MWh,GE,3521970641,1930941963,17812422996,NA,1838759653
12,company-12,Power,HydroCap,MWh,SM,NA,NA,NA,8142962089,19735054418
13,company-13,Power,NuclearCap,MWh,UY,22007055612,2998179271,5142978817,2000316171,3122216209
13,company-13,Power,NuclearCap,MWh,SM,4906575003,NA,NA,5201687807,6797207673
13,company-13,Power,NuclearCap,MWh,MQ,7541206993,2529414065,8114096556,3487942192,10141312743
13,company-13,Power,NuclearCap,MWh,TF,3608091080,15984070076,5133276844,7480692591,NA
13,company-13,Power,HydroCap,MWh,GE,NA,6366230441,NA,936953478,NA
13,company-13,Power,HydroCap,MWh,MQ,NA,NA,NA,4837861046,13507440106
13,company-13,Power,HydroCap,MWh,MS,NA,6405192597,9229264003,2235665799,9370447922
13,company-13,Power,HydroCap,MWh,UY,8304233737,1862167812,NA,16967306026,19327561909
13,company-13,Power,HydroCap,MWh,SM,736033405,14414975467,8015199532,10464434695,2337936681
14,company-14,Power,HydroCap,MWh,MS,5827260110,323341675,1810125193,1463518482,17348988766
14,company-14,Power,HydroCap,MWh,UY,NA,35359458911,11799149951,14230296984,5599802863
14,company-14,Power,HydroCap,MWh,GE,NA,NA,NA,NA,6070508293
17,company-17,Power,GasCap,MWh,SM,NA,11019338609,NA,2517515437,15057575933
17,company-17,Power,GasCap,MWh,UY,14686010729,4119280900,NA,NA,NA
17,company-17,Power,GasCap,MWh,GE,8699966401,21004985614,NA,NA,NA
18,company-18,Power,HydroCap,MWh,GE,2395380678,5212604961,12287825936,22397448640,11964897663
18,company-18,Power,HydroCap,MWh,TF,2519960151,NA,19097507204,NA,NA
18,company-18,Power,HydroCap,MWh,MQ,1753719623,NA,27472364636,14059176718,NA
18,company-18,Power,HydroCap,MWh,MS,NA,785533084,NA,838990186,702489330
20,company-20,Power,NuclearCap,MWh,MQ,200522415,NA,17201072049,10220413680,NA
20,company-20,Power,NuclearCap,MWh,MS,5619465640,5722368872,15548267284,21167109434,5591057609
20,company-20,Power,NuclearCap,MWh,SM,NA,NA,NA,NA,2862494430
20,company-20,Power,NuclearCap,MWh,TF,6316354417,3484116967,2609984676,1642200633,1225734806
20,company-20,Power,NuclearCap,MWh,UY,6891548625,NA,11218720992,NA,NA
21,company-21,Power,HydroCap,MWh,UY,NA,NA,5043866574,29015389952,7441968709
25,company-25,Power,GasCap,MWh,UY,21456169296,NA,NA,8546086702,7691411463
25,company-25,Power,GasCap,MWh,TF,5656797381,9221652403,10366490712,23038920240,NA
25,company-25,Power,NuclearCap,MWh,MS,NA,18152076004,476924467,6038301878,NA
25,company-25,Power,NuclearCap,MWh,TF,13746576332,NA,NA,NA,5880149750
25,company-25,Power,NuclearCap,MWh,UY,855910749,NA,4721279748,NA,7670900558
25,company-25,Power,NuclearCap,MWh,SM,7605831502,NA,NA,40290351064,NA
27,company-27,Power,NuclearCap,MWh,TF,NA,17898945789,713043810,10965992061,NA
27,company-27,Power,NuclearCap,MWh,SM,3393571157,795143486,24104010572,2051487927,NA
27,company-27,Power,NuclearCap,MWh,MQ,NA,520481361,1843891741,11218073404,9392844525
27,company-27,Power,GasCap,MWh,GE,NA,NA,5266926389,NA,NA
29,company-29,Power,HydroCap,MWh,GE,1642042909,2689449853,11608385252,NA,NA
29,company-29,Power,HydroCap,MWh,TF,10011234624,10785051227,NA,NA,9863489729
29,company-29,Power,HydroCap,MWh,MS,34497654662,NA,NA,NA,14699316567
29,company-29,Power,HydroCap,MWh,SM,3868190938,NA,NA,NA,4407069154
29,company-29,Power,HydroCap,MWh,UY,NA,10593790876,169538537,NA,11753511356
32,company-32,Power,GasCap,MWh,SM,4748632662,NA,1174101659,850673762,5602414225
32,company-32,Power,GasCap,MWh,UY,20625856736,NA,2256982576,NA,NA
36,company-36,Power,HydroCap,MWh,UY,NA,8534065501,15724602540,8003946865,NA
36,company-36,Power,HydroCap,MWh,MQ,2729043028,13702202527,29181972920,NA,5725396536
36,company-36,Power,NuclearCap,MWh,SM,1481419302,2724415890,13051589589,1398088681,3184342368
36,company-36,Power,NuclearCap,MWh,MQ,NA,26306664111,NA,NA,NA
36,company-36,Power,NuclearCap,MWh,UY,6077210203,9693203840,3794131390,NA,2823396000
36,company-36,Power,NuclearCap,MWh,MS,13027328034,3457758956,3747479668,3665699890,561684383
36,company-36,Power,NuclearCap,MWh,TF,14441467588,11532581716,30644900673,NA,2949690440
37,company-37,Power,GasCap,MWh,GE,8129839396,NA,6176724331,6673928573,NA
37,company-37,Power,GasCap,MWh,TF,11212767331,NA,NA,6929520103,5246858093
39,company-39,Power,CoalCap,MWh,GE,1572161713,NA,NA,NA,19678894104
39,company-39,Power,CoalCap,MWh,MS,13854236031,10826436999,17115384706,14899745447,NA
41,company-41,Power,HydroCap,MWh,TF,274893392,NA,NA,16420615637,NA
41,company-41,Power,OilCap,MWh,TF,32376171806,10089713622,12933643015,NA,NA
41,company-41,Power,OilCap,MWh,UY,2292131022,31356078884,10192017872,6524421628,11904047113
41,company-41,Power,OilCap,MWh,SM,23575050444,13832811982,NA,4155616362,25300548126
41,company-41,Power,GasCap,MWh,MS,13130430081,1039127642,5735745757,9419351956,NA
41,company-41,Power,GasCap,MWh,GE,21105781049,NA,4229356208,6961525743,2061496806
44,company-44,Power,GasCap,MWh,GE,NA,NA,9116941101,NA,6813630816
44,company-44,Power,GasCap,MWh,SM,5436618571,NA,1560467357,11327715405,9212703362
45,company-45,Power,NuclearCap,MWh,SM,31816159,NA,9821978626,4525003679,9182466262
45,company-45,Power,NuclearCap,MWh,GE,31967787115,13793882732,NA,996291685,5981538011
45,company-45,Power,NuclearCap,MWh,MQ,14470142793,1945031919,24655679264,45259605816,949213368
46,company-46,Power,NuclearCap,MWh,GE,3758966036,NA,13902426271,8185692384,NA
46,company-46,Power,NuclearCap,MWh,MS,3908791839,38848905648,8271622251,511450881,18982471894
46,company-46,Power,NuclearCap,MWh,MQ,NA,2692599696,11243612660,3907557080,485034134
46,company-46,Power,NuclearCap,MWh,SM,3790118289,1696598567,1688644664,1842584809,2368241280
47,company-47,Power,CoalCap,MWh,TF,4360828246,21254454933,NA,10180164556,NA
47,company-47,Power,CoalCap,MWh,UY,NA,19184239121,6367559291,NA,NA
52,company-52,Power,CoalCap,MWh,GE,8397387903,23155818826,4491658501,3262668755,21867674733
55,company-55,Power,CoalCap,MWh,SM,4374068588,NA,NA,NA,3082903398
55,company-55,Power,CoalCap,MWh,MQ,2711246874,5143974589,8477700415,1845685102,17455744645
55,company-55,Power,CoalCap,MWh,TF,NA,NA,NA,12797657205,5820304416
56,company-56,Power,RenewablesCap,MWh,GE,NA,NA,25543217168,977336965,7278485925
56,company-56,Power,RenewablesCap,MWh,MS,9086185800,7089500244,159624823,18447948026,NA
57,company-57,Power,HydroCap,MWh,MQ,NA,1287621408,NA,NA,11116621080
57,company-57,Power,HydroCap,MWh,TF,NA,936101704,19816074727,1579513400,21663130370
58,company-58,Power,OilCap,MWh,TF,NA,3040253182,36603836654,NA,6588273764
58,company-58,Power,OilCap,MWh,GE,35045444313,2002439673,3920897498,339388944,12396182015
59,company-59,Power,HydroCap,MWh,SM,7268301091,NA,NA,7738278026,NA
59,company-59,Power,HydroCap,MWh,MS,NA,4084751964,10849579869,7471629184,1283984692
59,company-59,Power,HydroCap,MWh,GE,22989261056,19649274821,61247214,16540526144,32816930570
59,company-59,Power,HydroCap,MWh,TF,12579234637,20081560082,4711978039,15428447626,2466227261
59,company-59,Power,HydroCap,MWh,UY,NA,NA,7046066577,36943206653,23042924188
59,company-59,Power,NuclearCap,MWh,UY,17982017647,1624546218,NA,9012106173,374962439
59,company-59,Power,NuclearCap,MWh,MS,2162341210,NA,10889034948,NA,3727853626
59,company-59,Power,NuclearCap,MWh,GE,1358692545,300154431,12996692257,19763944620,4324055378
62,company-62,Power,OilCap,MWh,GE,9926007770,13854446159,2681084197,1297120820,17562670135
62,company-62,Power,OilCap,MWh,MQ,7815092967,9868330117,NA,1763914125,NA
62,company-62,Power,OilCap,MWh,SM,3307928609,NA,NA,8974514986,NA
64,company-64,Power,HydroCap,MWh,MQ,NA,14320554150,30950313658,NA,NA
64,company-64,Power,HydroCap,MWh,UY,NA,NA,4906221101,6530973381,2954888769
67,company-67,Power,OilCap,MWh,GE,10037546236,NA,NA,21358081010,NA
69,company-69,Power,RenewablesCap,MWh,MQ,5211482370,NA,2583311911,30179849589,1712716425
69,company-69,Power,RenewablesCap,MWh,GE,19641052546,275364827,21836794598,10710323288,6189854408
71,company-71,Power,RenewablesCap,MWh,UY,13109644687,15997902760,10167924879,NA,5102778533
71,company-71,Power,RenewablesCap,MWh,TF,20210232210,13805895877,105593529,25130539916,5488811731
74,company-74,Power,HydroCap,MWh,TF,NA,6394599188,19670669610,NA,NA
74,company-74,Power,HydroCap,MWh,MQ,14521706582,34962127743,NA,NA,17148372522
74,company-74,Power,HydroCap,MWh,UY,NA,759691327,NA,12244430970,NA
74,company-74,Power,HydroCap,MWh,MS,12117528119,10337309367,1997290247,13423701669,8396958078
76,company-76,Power,OilCap,MWh,SM,NA,14960738194,NA,35803564935,17743499061
76,company-76,Power,OilCap,MWh,MS,14176299310,NA,17812114866,NA,500517035
76,company-76,Power,OilCap,MWh,MQ,4503109706,4812194623,4469783025,NA,2815565001
76,company-76,Power,OilCap,MWh,UY,3591912657,2555924883,NA,NA,2558601058
77,company-77,Power,RenewablesCap,MWh,UY,NA,6629890125,1887858838,1802119281,836416337
77,company-77,Power,RenewablesCap,MWh,GE,7983753411,NA,10375343320,6107409163,19625882504
77,company-77,Power,RenewablesCap,MWh,MQ,NA,20936429323,13879230145,4211880162,7017294371
77,company-77,Power,RenewablesCap,MWh,MS,5146095237,4866556765,NA,21072578732,NA
77,company-77,Power,CoalCap,MWh,MQ,12237896112,10471955042,25175745132,15776472800,NA
77,company-77,Power,CoalCap,MWh,UY,NA,6720499060,NA,12596009273,NA
79,company-79,Power,RenewablesCap,MWh,MS,10719685951,11753187343,13388647108,NA,385968427
79,company-79,Power,RenewablesCap,MWh,MQ,NA,2443862192,27336902855,552765948,NA
80,company-80,Power,GasCap,MWh,UY,13366743651,NA,2264995017,NA,10735372048
80,company-80,Power,GasCap,MWh,GE,9834526696,11185676801,7825331974,1509239868,9294082504
80,company-80,Power,GasCap,MWh,SM,NA,4174066586,7111089949,1358898725,2065342370
80,company-80,Power,GasCap,MWh,TF,3228903610,13996743781,NA,26931839323,1399222065
80,company-80,Power,GasCap,MWh,MS,14231540488,10105280594,NA,2346928100,NA
83,company-83,Power,HydroCap,MWh,MS,NA,5876781518,37336307532,15949193641,12894780903
86,company-86,Power,NuclearCap,MWh,MS,8884429173,NA,2642928668,8771064762,4892817050
86,company-86,Power,NuclearCap,MWh,SM,NA,3269146854,20425539487,41864085409,9427932461
86,company-86,Power,NuclearCap,MWh,UY,3215551583,1248757136,NA,1197091460,23262078514
86,company-86,Power,NuclearCap,MWh,MQ,2217738238,NA,3881870815,29437015542,NA
86,company-86,Power,NuclearCap,MWh,GE,1941449627,10880888401,5885225979,20851846095,26756900930
87,company-87,Power,RenewablesCap,MWh,TF,NA,18805069543,NA,26466320693,3428978998
87,company-87,Power,RenewablesCap,MWh,SM,NA,2311020692,30044606159,NA,NA
87,company-87,Power,RenewablesCap,MWh,GE,NA,382240959,5484474071,5378440562,10065932409
89,company-89,Power,CoalCap,MWh,MS,3009957035,17360787135,7599715076,7875621710,4980434096
89,company-89,Power,CoalCap,MWh,TF,22344500168,NA,NA,2475266626,NA
90,company-90,Power,CoalCap,MWh,UY,NA,14779948694,5281250735,8293249810,NA
90,company-90,Power,CoalCap,MWh,SM,8389727583,NA,NA,NA,387183591
90,company-90,Power,CoalCap,MWh,MQ,NA,NA,415209185,4959456467,8209200479
90,company-90,Power,CoalCap,MWh,TF,13002689985,25101682156,83748310,NA,805700248
90,company-90,Power,CoalCap,MWh,GE,NA,12511003473,NA,12945395734,5310184359
90,company-90,Power,RenewablesCap,MWh,MS,15347578196,6090873484,11589254423,2566198029,NA
90,company-90,Power,RenewablesCap,MWh,SM,NA,NA,NA,8491503041,NA
90,company-90,Power,RenewablesCap,MWh,GE,56072577,NA,12050392876,NA,NA
90,company-90,Power,RenewablesCap,MWh,UY,3283067157,476897559,9807643249,11354923626,15058361027
90,company-90,Power,RenewablesCap,MWh,TF,1538999552,NA,NA,12288345375,NA
92,company-92,Power,GasCap,MWh,TF,13441931742,3070348933,11303319991,4687705331,3319057757
93,company-93,Power,HydroCap,MWh,MQ,9809058713,1123752908,NA,NA,3505018434
93,company-93,Power,HydroCap,MWh,TF,6121023495,NA,7251273999,6062579760,NA
93,company-93,Power,HydroCap,MWh,SM,12508776494,NA,204303819,NA,NA
93,company-93,Power,CoalCap,MWh,GE,7416333552,1961676067,6940165454,4161020381,NA
94,company-94,Power,RenewablesCap,MWh,SM,19750618020,NA,13620938715,10487159017,NA
94,company-94,Power,RenewablesCap,MWh,UY,8483315760,4997279822,4191213027,3062502641,7065076818
95,company-95,Power,NuclearCap,MWh,MS,4504944344,33004451058,NA,NA,9903517822
95,company-95,Power,NuclearCap,MWh,TF,NA,42614171933,10058820034,6509578594,NA
95,company-95,Power,NuclearCap,MWh,SM,1130632925,15589597954,13609512161,21866464391,NA
95,company-95,Power,NuclearCap,MWh,GE,643114575,2064799921,NA,6156811561,NA
95,company-95,Power,NuclearCap,MWh,MQ,1974077883,NA,33144496105,2822170107,98561023
99,company-99,Power,OilCap,MWh,SM,2128268320,34715132870,2844493800,4593978792,5903626435
99,company-99,Power,OilCap,MWh,TF,2364545247,1635560222,20287404963,11983602773,1339662995
99,company-99,Power,OilCap,MWh,UY,18905885725,4300197613,NA,9581779635,NA
99,company-99,Power,OilCap,MWh,GE,20023850813,12843530762,1056253010,NA,13120308349
99,company-99,Power,OilCap,MWh,MS,25058970597,5406852757,1468770311,NA,4712547897
100,company-100,Power,HydroCap,MWh,UY,NA,8595050503,822470298,NA,1951432583
100,company-100,Power,HydroCap,MWh,TF,9107656745,NA,NA,11981351805,16978784484
100,company-100,Power,HydroCap,MWh,MQ,1062467892,1599008224,NA,7730346955,3417266928
100,company-100,Power,HydroCap,MWh,MS,2875865196,5541363994,2622457595,25002942093,NA
100,company-100,Power,CoalCap,MWh,SM,4882610323,NA,NA,1645505275,NA
100,company-100,Power,CoalCap,MWh,TF,NA,NA,3153430765,NA,7226792338
4,company-4,Power,HydroCap,MW,UY,NA,28010146246,6103671172,43369354994,19272955001
4,company-4,Power,HydroCap,MW,GE,6264366664,7824124704,8450569166,4941407338,2995004767
4,company-4,Power,HydroCap,MW,TF,NA,3124207636,5018274671,29293993804,10647961766
4,company-4,Power,HydroCap,MW,MQ,7485959231,NA,5271452690,1777267462,5686604533
6,company-6,Power,NuclearCap,MW,MS,NA,14048642324,9241735919,10114200300,NA
6,company-6,Power,NuclearCap,MW,SM,15953526094,18380885307,1410301900,15525437352,453305828
6,company-6,Power,NuclearCap,MW,GE,6130242511,3761418332,1115243767,9919064664,6178417189
7,company-7,Power,RenewablesCap,MW,TF,NA,36441223799,NA,NA,1417333241
7,company-7,Power,RenewablesCap,MW,GE,NA,1069273700,65261339,22581282674,2109520949
9,company-9,Power,OilCap,MW,TF,11749969937,15476048770,NA,3864259660,NA
10,company-10,Power,OilCap,MW,GE,14563198399,16297897211,5359276696,8400503499,16891403486
10,company-10,Power,OilCap,MW,MQ,NA,NA,NA,14274577552,1723453839
11,company-11,Power,RenewablesCap,MW,MQ,3938577437,NA,4152772586,1787078738,16998499748
14,company-14,Power,CoalCap,MW,UY,NA,NA,NA,25214433562,2929343083
14,company-14,Power,CoalCap,MW,MS,5515403956,3856429018,NA,15677005632,7516419644
14,company-14,Power,CoalCap,MW,GE,17445091954,7939252124,4350152830,NA,2063732963
14,company-14,Power,CoalCap,MW,TF,9014914953,882579024,550394866,806732944,6363728019
14,company-14,Power,CoalCap,MW,SM,9494472102,3733391231,9272836759,NA,NA
15,company-15,Power,OilCap,MW,GE,NA,7599761881,10993528854,7317230841,2136974082
15,company-15,Power,OilCap,MW,MQ,2900824932,6290968987,5568030012,12362424025,13783705194
15,company-15,Power,OilCap,MW,SM,5308103067,2922037932,41228865985,NA,9673282581
15,company-15,Power,OilCap,MW,MS,NA,24312309270,6653415404,24755696621,1330184498
16,company-16,Power,NuclearCap,MW,MQ,7358053905,21485006071,1491882895,18960165025,958708734
16,company-16,Power,NuclearCap,MW,GE,NA,14702449398,NA,NA,22383263052
16,company-16,Power,NuclearCap,MW,UY,806753300,17895966437,34520290292,NA,2444734132
16,company-16,Power,NuclearCap,MW,SM,1527292273,17249073383,7903810267,10972138210,NA
16,company-16,Power,NuclearCap,MW,TF,13994411646,NA,18329242977,NA,17643191531
18,company-18,Power,RenewablesCap,MW,TF,NA,NA,NA,4222059838,1957903172
18,company-18,Power,RenewablesCap,MW,MQ,9810267875,1552633648,7661059959,3106667201,NA
18,company-18,Power,RenewablesCap,MW,MS,NA,11128191653,22694589229,9729254294,9260726189
18,company-18,Power,RenewablesCap,MW,SM,2034170477,6422117446,8270856523,NA,NA
18,company-18,Power,RenewablesCap,MW,GE,NA,43392670032,11456521109,10941145090,36000154739
18,company-18,Power,GasCap,MW,UY,NA,NA,NA,29068418467,8725162565
18,company-18,Power,GasCap,MW,TF,11419753237,1125227076,4474743806,13293508053,NA
18,company-18,Power,GasCap,MW,GE,1007587761,7059085740,NA,NA,4913188145
18,company-18,Power,GasCap,MW,MQ,NA,4635312328,247028344,NA,NA
18,company-18,Power,GasCap,MW,SM,41249787418,NA,NA,26536055915,7158250745
21,company-21,Power,OilCap,MW,GE,11136943129,6128136909,NA,770414827,4068106030
21,company-21,Power,OilCap,MW,SM,2612782540,17762664742,NA,NA,7044129941
21,company-21,Power,OilCap,MW,MS,13022424718,NA,NA,10936943140,7894331044
21,company-21,Power,OilCap,MW,UY,NA,5374723401,890090035,NA,NA
21,company-21,Power,OilCap,MW,TF,991128902,7314034224,30509541858,17007831556,NA
22,company-22,Power,GasCap,MW,SM,6030631142,826776437,3755401762,NA,NA
22,company-22,Power,GasCap,MW,UY,8309832653,5471285763,NA,10504162103,2606925231
22,company-22,Power,OilCap,MW,MS,NA,15649470619,1418673930,9302236465,881111473
24,company-24,Power,GasCap,MW,UY,38689054542,11122717805,NA,NA,16384330170
24,company-24,Power,GasCap,MW,GE,NA,1746624226,26880490094,8512256581,13366208328
24,company-24,Power,GasCap,MW,TF,NA,NA,31162012447,NA,8148952213
29,company-29,Power,OilCap,MW,UY,65947421,20860815688,NA,156724307,4926611624
31,company-31,Power,RenewablesCap,MW,MQ,9695873160,4664200889,29918047309,NA,11523296121
31,company-31,Power,OilCap,MW,TF,45630505522,30429365941,NA,15285025444,NA
31,company-31,Power,OilCap,MW,MQ,4676217588,2170931770,NA,2212005055,21578688358
31,company-31,Power,OilCap,MW,SM,4146951251,NA,3622604801,18581729559,NA
31,company-31,Power,OilCap,MW,MS,27723341735,828789869,5108803126,1801301649,NA
34,company-34,Power,GasCap,MW,TF,4148092075,NA,16721682762,6866715534,19765725498
34,company-34,Power,GasCap,MW,MS,NA,8468154976,61706916208,NA,NA
34,company-34,Power,GasCap,MW,SM,NA,NA,NA,NA,4262663260
34,company-34,Power,GasCap,MW,UY,NA,6937856782,NA,10619563806,21683185246
34,company-34,Power,GasCap,MW,MQ,NA,3404190430,8339108577,55132813104,4769326874
37,company-37,Power,OilCap,MW,SM,1783021016,3861275585,30896722299,NA,2775096594
37,company-37,Power,OilCap,MW,MQ,32487397133,7302522640,NA,686751436,30288904809
42,company-42,Power,CoalCap,MW,MS,15120076008,8301539616,36524824789,NA,16842255341
42,company-42,Power,CoalCap,MW,UY,313696964,23262513701,8032534165,3252897509,NA
42,company-42,Power,CoalCap,MW,SM,15293705517,NA,NA,12595230316,8560065032
43,company-43,Power,GasCap,MW,MQ,14920392958,NA,NA,15387454176,3056102216
43,company-43,Power,GasCap,MW,MS,13540468620,2241932766,NA,1574446115,24134357332
43,company-43,Power,GasCap,MW,GE,NA,NA,3190735178,2062766203,35497215719
43,company-43,Power,GasCap,MW,SM,11444770797,329207238,2112527001,3690669465,14634405118
43,company-43,Power,GasCap,MW,TF,NA,27679538479,14183487502,NA,24091155561
49,company-49,Power,OilCap,MW,MS,4711785527,27622759790,2584445799,3502699335,9265952475
49,company-49,Power,NuclearCap,MW,TF,NA,440639148,22641180338,20163351110,22978104869
50,company-50,Power,HydroCap,MW,GE,9253958512,19556779685,117994677,8750040200,2889664374
50,company-50,Power,HydroCap,MW,SM,1145402245,2682111133,4097960093,NA,14540680422
50,company-50,Power,HydroCap,MW,TF,6354597990,9664835228,3456330924,NA,15349490741
52,company-52,Power,OilCap,MW,MQ,3020072726,18077620527,5240727223,NA,51407044728
52,company-52,Power,OilCap,MW,UY,15839617063,5515183186,NA,4374383764,NA
52,company-52,Power,OilCap,MW,SM,5010495650,9439865742,6657057311,5824627356,27325004915
53,company-53,Power,CoalCap,MW,UY,NA,7326914049,17565827998,5678006213,15195161397
53,company-53,Power,CoalCap,MW,MS,3419669015,4554055803,NA,2246803144,13090588851
53,company-53,Power,CoalCap,MW,SM,1712880836,5016751311,19164256218,7003347294,NA
60,company-60,Power,GasCap,MW,MQ,NA,459932776,6887638020,NA,NA
60,company-60,Power,GasCap,MW,MS,11908395930,4148116666,844755753,1400287017,18543203937
60,company-60,Power,GasCap,MW,TF,8645210244,3919564833,NA,NA,NA
60,company-60,Power,GasCap,MW,UY,9257824148,5140056367,2451377875,NA,4865808947
60,company-60,Power,GasCap,MW,SM,4456906325,1488104648,2723390328,33545072116,21877320847
61,company-61,Power,NuclearCap,MW,SM,9802353136,26955354395,8305858962,NA,2572863087
61,company-61,Power,NuclearCap,MW,MS,1242410102,1362464441,NA,7192705952,1642503360
61,company-61,Power,NuclearCap,MW,TF,NA,20944686822,4889074556,2188130458,42706631529
61,company-61,Power,NuclearCap,MW,UY,31915446849,7356596376,NA,NA,12032047430
61,company-61,Power,NuclearCap,MW,GE,9049538123,NA,NA,689974024,NA
63,company-63,Power,GasCap,MW,UY,6136987491,4389591080,NA,16187190115,12358538137
63,company-63,Power,GasCap,MW,GE,12789080063,NA,12741610346,NA,6046355912
63,company-63,Power,GasCap,MW,MS,6569397439,NA,12150556423,NA,6033342459
63,company-63,Power,GasCap,MW,MQ,7008092075,NA,1548651372,15402621656,16286912765
65,company-65,Power,RenewablesCap,MW,MQ,388856108,15193141028,NA,12967189417,4449887096
65,company-65,Power,RenewablesCap,MW,UY,NA,15328081591,2204690392,39899582471,NA
65,company-65,Power,RenewablesCap,MW,TF,NA,13067460435,20128217724,4740889802,24529463185
65,company-65,Power,CoalCap,MW,UY,NA,NA,NA,NA,753501183
65,company-65,Power,CoalCap,MW,MQ,677696929,1792142103,12117786432,12254432182,4441058095
66,company-66,Power,GasCap,MW,MQ,15372757756,2186371863,6770982637,12420832414,NA
66,company-66,Power,GasCap,MW,GE,3019224143,8276449079,159153217,233565531,5393200860
66,company-66,Power,GasCap,MW,SM,NA,NA,2071872753,212632060,NA
66,company-66,Power,GasCap,MW,TF,3496572774,35597769958,1307422888,NA,NA
66,company-66,Power,GasCap,MW,UY,5962751652,6843053190,2634898877,90635682079,593552001
68,company-68,Power,NuclearCap,MW,MQ,4318606549,6561090643,NA,9137814056,44745625009
70,company-70,Power,OilCap,MW,TF,92578830,4628257646,5184198911,26131574176,NA
70,company-70,Power,OilCap,MW,MQ,5138406404,5540636266,NA,NA,NA
70,company-70,Power,OilCap,MW,MS,NA,NA,1313082701,11346790950,34443717747
71,company-71,Power,GasCap,MW,MQ,2407954858,3676307647,43170598116,54411448335,1700620190
71,company-71,Power,GasCap,MW,MS,3498545517,1098344893,2554267742,2190341335,NA
72,company-72,Power,HydroCap,MW,MS,6053232075,9357069261,NA,671408310,1959097237
72,company-72,Power,HydroCap,MW,TF,9641647219,7110121558,NA,NA,13268333275
72,company-72,Power,HydroCap,MW,GE,NA,NA,NA,6407414282,61475604377
72,company-72,Power,HydroCap,MW,MQ,662767111,NA,5401239732,2818648999,3266768483
72,company-72,Power,NuclearCap,MW,TF,6754887283,NA,NA,18714417787,NA
72,company-72,Power,NuclearCap,MW,UY,NA,NA,8667710813,1951775381,1577854010
72,company-72,Power,NuclearCap,MW,SM,6489306991,26844839841,15442146555,32620372209,26698491266
72,company-72,Power,NuclearCap,MW,GE,4456408231,16029378496,NA,NA,3198223301
75,company-75,Power,OilCap,MW,SM,NA,NA,NA,2835404268,3023333521
77,company-77,Power,HydroCap,MW,GE,768533890,30483059184,NA,NA,75918614
77,company-77,Power,HydroCap,MW,SM,9609530558,4961071244,NA,NA,NA
77,company-77,Power,HydroCap,MW,TF,1125706871,5730437779,NA,NA,4928832287
77,company-77,Power,HydroCap,MW,MQ,26583984029,4556617969,30775229807,5029557391,NA
77,company-77,Power,HydroCap,MW,UY,NA,NA,NA,1501278594,NA
78,company-78,Power,OilCap,MW,MQ,7043901857,9214470593,NA,18122172014,53356186958
78,company-78,Power,OilCap,MW,MS,584793080,4059619507,NA,5387678165,NA
78,company-78,Power,OilCap,MW,GE,2449551487,NA,NA,8092700374,26834636538
80,company-80,Power,OilCap,MW,MS,33058381568,23988527634,3976815977,NA,3185045381
82,company-82,Power,RenewablesCap,MW,MQ,9399103842,NA,22234517418,9636368846,3808139272
82,company-82,Power,RenewablesCap,MW,SM,2558217365,15776500735,11811446559,13895353082,29400452540
84,company-84,Power,GasCap,MW,MS,1330019535,4054629549,5079516674,NA,NA
84,company-84,Power,GasCap,MW,UY,3557243837,1074931407,NA,3175599858,43167161257
84,company-84,Power,GasCap,MW,GE,1110647958,NA,2656657660,2212533368,2235402931
84,company-84,Power,GasCap,MW,MQ,1919967122,4257238794,2158410010,NA,5826535678
84,company-84,Power,NuclearCap,MW,MQ,NA,25873810048,9143007344,NA,NA
84,company-84,Power,NuclearCap,MW,TF,10249620482,NA,788849216,5695502406,1371660930
84,company-84,Power,NuclearCap,MW,GE,726696610,8667924932,NA,11996646916,292659070
86,company-86,Power,CoalCap,MW,UY,20149735528,NA,12239746264,2287201408,NA
86,company-86,Power,CoalCap,MW,MQ,NA,NA,211340626,3499663023,NA
86,company-86,Power,GasCap,MW,UY,2022550004,NA,NA,NA,NA
86,company-86,Power,GasCap,MW,GE,131908537,NA,NA,1747487097,14792809438
86,company-86,Power,GasCap,MW,SM,3366984644,NA,3481301827,17085452101,12027700090
87,company-87,Power,OilCap,MW,TF,NA,4260216989,6244315634,NA,888453428
87,company-87,Power,OilCap,MW,UY,18330899086,9335898351,1656541071,5273283784,NA
87,company-87,Power,OilCap,MW,MQ,NA,8509880715,5116643723,NA,657750043
87,company-87,Power,OilCap,MW,SM,706084888,1102991919,2884009603,1162195588,9182889000
87,company-87,Power,OilCap,MW,GE,NA,NA,NA,NA,7697390446
89,company-89,Power,RenewablesCap,MW,GE,2676527016,1028101708,6258637512,NA,2231099689
89,company-89,Power,RenewablesCap,MW,MS,4430799929,7377651767,448010530,15666392896,8427898184
89,company-89,Power,RenewablesCap,MW,TF,1495968097,9085184306,NA,1435783164,11036816151
89,company-89,Power,RenewablesCap,MW,MQ,9010594474,NA,12483726889,32057268295,NA
89,company-89,Power,RenewablesCap,MW,SM,3367655792,NA,20410509625,NA,NA
90,company-90,Power,GasCap,MW,SM,3753224474,1882333936,NA,NA,21431090561
90,company-90,Power,GasCap,MW,TF,4441709204,NA,14455862914,43569101858,7858510529
90,company-90,Power,GasCap,MW,MS,762386368,9847655400,NA,1929087485,NA
90,company-90,Power,GasCap,MW,GE,936369460,3775866199,NA,477484854,5817957215
90,company-90,Power,GasCap,MW,MQ,NA,9304491928,6378333675,8001072458,4580719497
91,company-91,Power,NuclearCap,MW,SM,NA,13492779405,12506540564,3477898743,4110058493
91,company-91,Power,NuclearCap,MW,MS,8508257615,NA,13670725773,3581373329,6653734028
95,company-95,Power,HydroCap,MW,MS,7054020461,13323657796,NA,NA,2015039586
96,company-96,Power,RenewablesCap,MW,UY,17257636830,7845768449,NA,4453611451,NA
96,company-96,Power,RenewablesCap,MW,MS,35279452212,2286884853,NA,8554115283,6858165412
97,company-97,Power,OilCap,MW,MS,NA,NA,14236032661,NA,209766726
97,company-97,Power,OilCap,MW,TF,6571110289,10423896330,11798265980,11985158507,NA
98,company-98,Power,OilCap,MW,TF,9207301666,27754145506,1166210179,3552827553,NA
14,company-14,Power,GasCap,MW,R2,NA,NA,NA,NA,NA
14,company-14,Power,GasCap,MW,CI,NA,NA,NA,NA,NA
14,company-14,Power,GasCap,MW,LY,NA,NA,NA,NA,NA
14,company-14,Power,GasCap,MW,MG,NA,NA,NA,NA,NA
14,company-14,Power,GasCap,MW,BO,NA,NA,NA,NA,NA
40,company-40,Power,OilCap,MW,TL,NA,NA,NA,NA,NA
40,company-40,Power,OilCap,MW,BO,NA,NA,NA,NA,NA
40,company-40,Power,OilCap,MW,LY,NA,NA,NA,NA,NA
46,company-46,Power,CoalCap,MW,LY,NA,NA,NA,NA,NA
46,company-46,Power,CoalCap,MW,BO,NA,NA,NA,NA,NA
46,company-46,Power,CoalCap,MW,CI,NA,NA,NA,NA,NA
73,company-73,Power,RenewablesCap,MWh,MG,NA,NA,NA,NA,NA
73,company-73,Power,RenewablesCap,MWh,TL,NA,NA,NA,NA,NA
73,company-73,Power,RenewablesCap,MWh,R2,NA,NA,NA,NA,NA
73,company-73,Power,RenewablesCap,MWh,BO,NA,NA,NA,NA,NA
75,company-75,Power,RenewablesCap,MWh,LY,NA,NA,NA,NA,NA
75,company-75,Power,RenewablesCap,MWh,CI,NA,NA,NA,NA,NA
75,company-75,Power,RenewablesCap,MWh,TL,NA,NA,NA,NA,NA
88,company-88,Power,HydroCap,MW,CI,NA,NA,NA,NA,NA
88,company-88,Power,HydroCap,MW,BO,NA,NA,NA,NA,NA
88,company-88,Power,HydroCap,MW,LY,NA,NA,NA,NA,NA
90,company-90,Power,OilCap,MW,CI,NA,NA,NA,NA,NA
90,company-90,Power,OilCap,MW,TL,NA,NA,NA,NA,NA
97,company-97,Power,CoalCap,MW,TL,NA,NA,NA,NA,NA
97,company-97,Power,CoalCap,MW,LY,NA,NA,NA,NA,NA
97,company-97,Power,CoalCap,MW,MG,NA,NA,NA,NA,NA
14,company-14,Power,GasCap,MWh,TL,NA,NA,NA,NA,NA
14,company-14,Power,GasCap,MWh,LY,NA,NA,NA,NA,NA
14,company-14,Power,GasCap,MWh,R2,NA,NA,NA,NA,NA
14,company-14,Power,GasCap,MWh,BO,NA,NA,NA,NA,NA
40,company-40,Power,OilCap,MWh,CI,NA,NA,NA,NA,NA
40,company-40,Power,OilCap,MWh,LY,NA,NA,NA,NA,NA
46,company-46,Power,CoalCap,MWh,LY,NA,NA,NA,NA,NA
46,company-46,Power,CoalCap,MWh,R2,NA,NA,NA,NA,NA
46,company-46,Power,CoalCap,MWh,TL,NA,NA,NA,NA,NA
46,company-46,Power,CoalCap,MWh,CI,NA,NA,NA,NA,NA
46,company-46,Power,CoalCap,MWh,BO,NA,NA,NA,NA,NA
88,company-88,Power,HydroCap,MWh,TL,NA,NA,NA,NA,NA
88,company-88,Power,HydroCap,MWh,MG,NA,NA,NA,NA,NA
90,company-90,Power,OilCap,MWh,TL,NA,NA,NA,NA,NA
90,company-90,Power,OilCap,MWh,BO,NA,NA,NA,NA,NA
97,company-97,Power,CoalCap,MWh,BO,NA,NA,NA,NA,NA
97,company-97,Power,CoalCap,MWh,R2,NA,NA,NA,NA,NA
97,company-97,Power,CoalCap,MWh,TL,NA,NA,NA,NA,NA
73,company-73,Power,RenewablesCap,MW,CI,NA,NA,NA,NA,NA
73,company-73,Power,RenewablesCap,MW,TL,NA,NA,NA,NA,NA
73,company-73,Power,RenewablesCap,MW,BO,NA,NA,NA,NA,NA
73,company-73,Power,RenewablesCap,MW,R2,NA,NA,NA,NA,NA
73,company-73,Power,RenewablesCap,MW,LY,NA,NA,NA,NA,NA
75,company-75,Power,RenewablesCap,MW,CI,NA,NA,NA,NA,NA
75,company-75,Power,RenewablesCap,MW,TL,NA,NA,NA,NA,NA
30,company-30,Power,GasCap,MWh,GE,NA,NA,NA,NA,NA
30,company-30,Power,GasCap,MWh,UY,NA,NA,NA,NA,NA
30,company-30,Power,GasCap,MWh,MQ,NA,NA,NA,NA,NA
30,company-30,Power,GasCap,MWh,TF,NA,NA,NA,NA,NA
33,company-33,Power,RenewablesCap,MWh,UY,NA,NA,NA,NA,NA
34,company-34,Power,NuclearCap,MW,GE,NA,NA,NA,NA,NA
34,company-34,Power,NuclearCap,MW,SM,NA,NA,NA,NA,NA
34,company-34,Power,NuclearCap,MW,TF,NA,NA,NA,NA,NA
34,company-34,Power,NuclearCap,MW,MS,NA,NA,NA,NA,NA
40,company-40,Power,OilCap,MWh,MQ,NA,NA,NA,NA,NA
40,company-40,Power,OilCap,MWh,SM,NA,NA,NA,NA,NA
40,company-40,Power,OilCap,MWh,UY,NA,NA,NA,NA,NA
40,company-40,Power,OilCap,MWh,TF,NA,NA,NA,NA,NA
40,company-40,Power,OilCap,MWh,GE,NA,NA,NA,NA,NA
61,company-61,Power,OilCap,MW,MQ,NA,NA,NA,NA,NA
61,company-61,Power,OilCap,MW,GE,NA,NA,NA,NA,NA
67,company-67,Power,NuclearCap,MWh,MQ,NA,NA,NA,NA,NA
67,company-67,Power,NuclearCap,MWh,UY,NA,NA,NA,NA,NA
67,company-67,Power,NuclearCap,MWh,GE,NA,NA,NA,NA,NA
85,company-85,Power,OilCap,MW,UY,NA,NA,NA,NA,NA
85,company-85,Power,OilCap,MW,TF,NA,NA,NA,NA,NA
85,company-85,Power,OilCap,MW,MQ,NA,NA,NA,NA,NA
85,company-85,Power,OilCap,MW,MS,NA,NA,NA,NA,NA
85,company-85,Power,OilCap,MW,SM,NA,NA,NA,NA,NA
88,company-88,Power,NuclearCap,MWh,UY,NA,NA,NA,NA,NA
88,company-88,Power,NuclearCap,MWh,GE,NA,NA,NA,NA,NA
88,company-88,Power,NuclearCap,MWh,SM,NA,NA,NA,NA,NA
88,company-88,Power,NuclearCap,MWh,TF,NA,NA,NA,NA,NA
88,company-88,Power,NuclearCap,MWh,MS,NA,NA,NA,NA,NA
94,company-94,Power,OilCap,MW,MS,NA,NA,NA,NA,NA
94,company-94,Power,OilCap,MW,TF,NA,NA,NA,NA,NA
94,company-94,Power,OilCap,MW,SM,NA,NA,NA,NA,NA
34,company-34,Power,NuclearCap,MWh,MQ,NA,NA,NA,NA,NA
34,company-34,Power,NuclearCap,MWh,SM,NA,NA,NA,NA,NA
34,company-34,Power,NuclearCap,MWh,TF,NA,NA,NA,NA,NA
61,company-61,Power,OilCap,MWh,MQ,NA,NA,NA,NA,NA
61,company-61,Power,OilCap,MWh,GE,NA,NA,NA,NA,NA
61,company-61,Power,OilCap,MWh,SM,NA,NA,NA,NA,NA
85,company-85,Power,OilCap,MWh,MQ,NA,NA,NA,NA,NA
85,company-85,Power,OilCap,MWh,SM,NA,NA,NA,NA,NA
94,company-94,Power,OilCap,MWh,MQ,NA,NA,NA,NA,NA
94,company-94,Power,OilCap,MWh,SM,NA,NA,NA,NA,NA
30,company-30,Power,GasCap,MW,MS,NA,NA,NA,NA,NA
30,company-30,Power,GasCap,MW,MQ,NA,NA,NA,NA,NA
30,company-30,Power,GasCap,MW,SM,NA,NA,NA,NA,NA
30,company-30,Power,GasCap,MW,UY,NA,NA,NA,NA,NA
30,company-30,Power,GasCap,MW,GE,NA,NA,NA,NA,NA
33,company-33,Power,RenewablesCap,MW,TF,NA,NA,NA,NA,NA
33,company-33,Power,RenewablesCap,MW,MS,NA,NA,NA,NA,NA
33,company-33,Power,RenewablesCap,MW,UY,NA,NA,NA,NA,NA
33,company-33,Power,RenewablesCap,MW,GE,NA,NA,NA,NA,NA
40,company-40,Power,OilCap,MW,UY,NA,NA,NA,NA,NA
40,company-40,Power,OilCap,MW,MQ,NA,NA,NA,NA,NA
40,company-40,Power,OilCap,MW,GE,NA,NA,NA,NA,NA
67,company-67,Power,NuclearCap,MW,SM,NA,NA,NA,NA,NA
67,company-67,Power,NuclearCap,MW,MS,NA,NA,NA,NA,NA
67,company-67,Power,NuclearCap,MW,GE,NA,NA,NA,NA,NA
67,company-67,Power,NuclearCap,MW,MQ,NA,NA,NA,NA,NA
88,company-88,Power,NuclearCap,MW,UY,NA,NA,NA,NA,NA
88,company-88,Power,NuclearCap,MW,SM,NA,NA,NA,NA,NA
88,company-88,Power,NuclearCap,MW,TF,NA,NA,NA,NA,NA
